73,subject.History.British_History.British_History_1500_and_before_including_Roman_Britain,"['%C3%81ed%C3%A1n_mac_Gabr%C3%A1in', '%C3%93engus_I_of_the_Picts', 'Alfred_the_Great', 'Anglo-Saxon_literature', 'Battle_of_Hastings', 'Bede', 'Boudica', 'Canute_the_Great', 'Caratacus', 'Castra', 'Christian_monasticism', 'Constantine_II_of_Scotland', 'D%C3%A1l_Riata', 'Domesday_Book', 'Edward_III_of_England', 'Edward_II_of_England', 'Edward_IV_of_England', 'Edward_I_of_England', 'Edward_V_of_England', 'Edward_the_Confessor', 'Edwin_of_Northumbria', 'Eilmer_of_Malmesbury', 'English_peasants%27_revolt_of_1381', 'Hadrian%27s_Wall', 'Harald_Maddadsson', 'Henry_III_of_England', 'Henry_II_of_England', 'Henry_IV_of_England', 'Henry_I_of_England', 'Henry_VII_of_England', 'Henry_VI_of_England', 'Henry_V_of_England', 'Hilda_of_Whitby', 'History_of_Anglo-Saxon_England', 'Hundred_Years%27_War', 'Ireland_King_of_Arms', 'J%C3%B3rv%C3%ADk', 'Jocelin', 'John_of_England', 'Jomsvikings', 'King_Arthur', 'Llywelyn_the_Great', 'Longship', 'Magna_Carta', 'Malcolm_III_of_Scotland', 'Malcolm_II_of_Scotland', 'Manorialism', 'Matilda_of_Boulogne', 'Medieval_commune', 'Medieval_literature', 'Medieval_music', 'Mercia', 'Norman_conquest_of_England', 'Oswald_of_Northumbria', 'Picts', 'Richard_III_of_England', 'Richard_II_of_England', 'Richard_I_of_England', 'Roman_Britain', 'Roman_Empire', 'Roman_law', 'Roman_road', 'Roman_villa', 'Rule_of_St_Benedict', 'Scotland_in_the_High_Middle_Ages', 'Stephen_of_England', 'Sutton_Hoo', 'The_Anarchy', 'Viking', 'Wars_of_the_Roses', 'Wessex', 'William_II_of_England', 'William_I_of_England']"
108,subject.People.Historical_figures,"['%C3%81ed%C3%A1n_mac_Gabr%C3%A1in', '%C3%93engus_I_of_the_Picts', 'Abbas_I_of_Persia', 'Adam_Smith', 'Adriaen_van_der_Donck', 'Agamemnon', 'Akbar', 'Akhenaten', 'Alcibiades', 'Aleksey_Arakcheyev', 'Alexander_Hamilton', 'Amda_Seyon_I', 'Armand_Jean_du_Plessis%2C_Cardinal_Richelieu', 'Attalus_I', 'Attila_the_Hun', 'Augustus', 'Aymer_de_Valence%2C_2nd_Earl_of_Pembroke', 'Babur', 'Benjamin_Franklin', 'Boudica', 'Boyle_Roche', 'Breaker_Morant', 'Caratacus', 'Carl_G._Fisher', 'Catherine_II_of_Russia', 'Charlemagne', 'Charles_Sumner', 'Charles_V%2C_Holy_Roman_Emperor', 'Che_Guevara', 'Claudius', 'Cleopatra_VII', 'Cleopatra_VII_of_Egypt', 'Constantine_I', 'Cyrus_the_Great', 'Demosthenes', 'Edwin_of_Northumbria', 'Eilmer_of_Malmesbury', 'Elagabalus', 'Elias_Ashmole', 'Francis_Drake', 'Franklin_B._Gowen', 'Frederick_II%2C_Holy_Roman_Emperor', 'Frederick_II_of_Prussia', 'Genghis_Khan', 'Hannibal_Barca', 'Hasekura_Tsunenaga', 'Hatshepsut', 'Helen', 'Helen_Gandy', 'Henry_H._Rogers', 'Heraclius', 'Hern%C3%A1n_Cort%C3%A9s', 'Ike_Altgens', 'Ivan_IV_of_Russia', 'J%C3%B3zef_Pi%C5%82sudski', 'Jacob_Riis', 'Joel_Brand', 'Johnny_Appleseed', 'Jonathan_Wild', 'Julius_Caesar', 'List_of_French_monarchs', 'Llywelyn_the_Great', 'Louis_XIV_of_France', 'Manuel_I_Komnenos', 'Mark_Antony', 'Napoleon_I_of_France', 'Olaudah_Equiano', 'Oliver_Cromwell', 'Otto_von_Bismarck', 'Penda_of_Mercia', 'Peter_I_of_Russia', 'Philip_II_of_Spain', 'Qin_Shi_Huang', 'Romulus_Augustus', 'Rosa_Parks', 'Rudolf_Vrba', 'Saladin', 'Samantha_Smith', 'Sardar_Vallabhbhai_Patel', 'Shaka', 'Sheikh_Mujibur_Rahman', 'Sim%C3%B3n_Bol%C3%ADvar', 'Sitting_Bull', 'Stanis%C5%82aw_Koniecpolski', 'Suleiman_the_Magnificent', 'Thomas_Malthus', 'Timur', 'Tiridates_I_of_Armenia', 'Victoria_of_the_United_Kingdom', 'W._Mark_Felt', 'Walter_Raleigh', 'William_Edington', 'William_Ewart_Gladstone', 'William_Gilbert', 'William_Mahone', 'William_N._Page', 'William_Wilberforce', 'William_the_Silent', 'Winfield_Scott_Hancock', 'Witold_Pilecki', 'Wyndham_Robertson', 'Yagan', 'Yuri_Gagarin', 'Yuri_Knorosov', 'Zara_Yaqob', 'Zhang_Qian', 'Zheng_He', 'Ziad_Jarrah']"
229,subject.Countries,"['%C3%85land', '%C3%89ire', 'Abkhazia', 'Abu_Dhabi', 'Afghanistan', 'Albania', 'Algeria', 'Andorra', 'Angola', 'Anguilla', 'Antigua_and_Barbuda', 'Argentina', 'Armenia', 'Aruba', 'Australia', 'Austria', 'Azerbaijan', 'Bahamas', 'Bahrain', 'Bangladesh', 'Barbados', 'Belarus', 'Belgium', 'Belize', 'Benin', 'Bermuda', 'Bhutan', 'Bolivia', 'Bosnia_and_Herzegovina', 'Botswana', 'Brazil', 'British_Indian_Ocean_Territory', 'British_Virgin_Islands', 'Brunei', 'Bulgaria', 'Burkina_Faso', 'Burundi', 'C%C3%B4te_d%27Ivoire', 'Cambodia', 'Cameroon', 'Canada', 'Cape_Verde', 'Cayman_Islands', 'Central_African_Republic', 'Chad', 'Chile', 'China', 'Christmas_Island', 'Cocos_%28Keeling%29_Islands', 'Colombia', 'Cook_Islands', 'Costa_Rica', 'Croatia', 'Cuba', 'Cyprus', 'Czech_Republic', 'Denmark', 'Djibouti', 'Dominica', 'Dominican_Republic', 'Dubai', 'East_Timor', 'Easter_Island', 'Ecuador', 'Egypt', 'El_Salvador', 'Equatorial_Guinea', 'Eritrea', 'Estonia', 'Ethiopia', 'Falkland_Islands', 'Federated_States_of_Micronesia', 'Fiji', 'Finland', 'France', 'French_Guiana', 'French_Polynesia', 'Gabon', 'Gal%C3%A1pagos_Islands', 'Gaza_Strip', 'Georgia_%28country%29', 'Germany', 'Ghana', 'Greece', 'Greenland', 'Grenada', 'Guadeloupe', 'Guam', 'Guatemala', 'Guinea', 'Guinea-Bissau', 'Guyana', 'Haiti', 'Honduras', 'Hong_Kong', 'Hungary', 'Iceland', 'India', 'Indonesia', 'Iran', 'Iraq', 'Ireland', 'Israel', 'Italy', 'Jamaica', 'Japan', 'Jordan', 'Kazakhstan', 'Kenya', 'Korea', 'Kosovo', 'Kuwait', 'Kyrgyzstan', 'Laos', 'Latvia', 'Lebanon', 'Lesotho', 'Liberia', 'Libya', 'Liechtenstein', 'Lithuania', 'Luxembourg', 'Madagascar', 'Malawi', 'Malaysia', 'Maldives', 'Mali', 'Malta', 'Martinique', 'Mauritania', 'Mauritius', 'Mexico', 'Moldova', 'Monaco', 'Montenegro', 'Montserrat', 'Morocco', 'Mozambique', 'Myanmar', 'Namibia', 'Nepal', 'Netherlands', 'Netherlands_Antilles', 'New_Zealand', 'Nicaragua', 'Niger', 'Nigeria', 'North_Korea', 'Norway', 'Oman', 'Pakistan', 'Palestinian_territories', 'Panama', 'Papua_New_Guinea', 'Paraguay', 'People%27s_Republic_of_China', 'Peru', 'Philippines', 'Poland', 'Portugal', 'Puerto_Rico', 'Qatar', 'R%C3%A9union', 'Republic_of_China', 'Republic_of_Ireland', 'Republic_of_Macedonia', 'Romania', 'Russia', 'Rwanda', 'S%C3%A3o_Tom%C3%A9_and_Pr%C3%ADncipe', 'Saint_Helena', 'Saint_Kitts_and_Nevis', 'Saint_Lucia', 'Saint_Vincent_and_the_Grenadines', 'Samoa', 'San_Marino', 'Saudi_Arabia', 'Senegal', 'Serbia', 'Serbia_and_Montenegro', 'Sierra_Leone', 'Singapore', 'Slovakia', 'Slovenia', 'Solomon_Islands', 'Somalia', 'South_Africa', 'South_Korea', 'South_Ossetia', 'Spain', 'Sri_Lanka', 'Sudan', 'Suriname', 'Swaziland', 'Sweden', 'Switzerland', 'Syria', 'Taiwan', 'Tajikistan', 'Tanzania', 'Thailand', 'The_Bahamas', 'The_Gambia', 'Tibet', 'Togo', 'Tonga', 'Trinidad_and_Tobago', 'Tunisia', 'Turkey', 'Turkish_Republic_of_Northern_Cyprus', 'Turkmenistan', 'Turks_and_Caicos_Islands', 'Tuvalu', 'Uganda', 'Ukraine', 'United_Arab_Emirates', 'United_Kingdom', 'United_States', 'Uruguay', 'Uzbekistan', 'Vanuatu', 'Vatican_City', 'Venezuela', 'Vietnam', 'West_Bank', 'Western_Sahara', 'Yemen', 'Zambia', 'Zimbabwe']"
56,subject.Geography.European_Geography.European_Countries,"['%C3%85land', '%C3%89ire', 'Albania', 'Andorra', 'Armenia', 'Austria', 'Azerbaijan', 'Belarus', 'Belgium', 'Bosnia_and_Herzegovina', 'Bulgaria', 'Croatia', 'Cyprus', 'Czech_Republic', 'Denmark', 'Estonia', 'Finland', 'France', 'Georgia_%28country%29', 'Germany', 'Greece', 'Hungary', 'Iceland', 'Ireland', 'Italy', 'Kosovo', 'Latvia', 'Liechtenstein', 'Lithuania', 'Luxembourg', 'Malta', 'Moldova', 'Monaco', 'Montenegro', 'Netherlands', 'Norway', 'Poland', 'Portugal', 'Republic_of_Ireland', 'Republic_of_Macedonia', 'Romania', 'Russia', 'San_Marino', 'Serbia', 'Serbia_and_Montenegro', 'Slovakia', 'Slovenia', 'South_Ossetia', 'Spain', 'Sweden', 'Switzerland', 'Turkey', 'Turkish_Republic_of_Northern_Cyprus', 'Ukraine', 'United_Kingdom', 'Vatican_City']"
36,subject.People.Artists,"['%C3%89douard_Manet', 'Andy_Warhol', 'Anthony_van_Dyck', 'Anton_Alexander_von_Werner', 'Auguste_Rodin', 'Banksy', 'Canaletto', 'Caravaggio', 'Claude_Monet', 'Diego_Vel%C3%A1zquez', 'El_Lissitzky', 'Felice_Beato', 'Francisco_Goya', 'Henri_Matisse', 'Henry_Moore', 'Hiroh_Kikai', 'J._M._W._Turner', 'Jacques-Louis_David', 'John_Constable', 'John_Vanbrugh', 'L._S._Lowry', 'Leonardo_da_Vinci', 'Lucy%2C_Lady_Duff-Gordon', 'Matthew_Brettingham', 'Michelangelo', 'Pablo_Picasso', 'Paul_C%C3%A9zanne', 'Paul_Kane', 'Peter_Paul_Rubens', 'Raphael', 'Rembrandt', 'Roman_Vishniac', 'Salvador_Dal%C3%AD', 'Thomas_Gainsborough', 'Vincent_van_Gogh', 'William_Hogarth']"
14,subject.Business_Studies.Currency,"['%E2%82%AC2_commemorative_coins', 'Banknote', 'Coin', 'Currency', 'Demand_Note', 'Euro', 'Japanese_yen', 'List_of_circulating_currencies', 'Money', 'Numismatics', 'Pound_sterling', 'Renminbi', 'Rupee', 'United_States_dollar']"
80,subject.History.General_history,"['10th_century', '11th_century', '12th_century', '13th_century', '14th_century', '15th_century', '16th_century', '1755_Lisbon_earthquake', '17th_century', '18th_century', '19th_century', '1st_century', '1st_century_BC', '20th_century', '21st_century', '2nd_century', '3rd_century', '4th_century', '5th_century', '6th_century', '7th_century', '8th_century', '9th_century', 'African_slave_trade', 'Ancient_history', 'Anno_Domini', 'Ars_moriendi', 'Black_Death', 'Byzantine_Empire', 'Chola_dynasty', 'Copenhagen_Fire_of_1728', 'Dark_Ages', 'Eastern_Roman_Empire', 'Franks', 'French_Revolution', 'Habsburg_Spain', 'History_of_Burnside', 'History_of_Cape_Colony_from_1806_to_1870', 'History_of_Cape_Colony_from_1870_to_1899', 'History_of_Central_Asia', 'History_of_Greenland', 'History_of_Limerick', 'History_of_Portugal_%281777%E2%80%931834%29', 'History_of_Russia', 'History_of_Singapore', 'History_of_South_Africa', 'History_of_painting', 'History_of_the_Australian_Capital_Territory', 'History_of_the_Netherlands', 'History_of_the_Panama_Canal', 'History_of_the_Portuguese_Communist_Party', 'History_of_the_world', 'Holy_Roman_Empire', 'Inca_Empire', 'Industrial_Revolution', 'La_Grande_Arm%C3%A9e', 'Makuria', 'Middle_Ages', 'Modern_history', 'Old_Swiss_Confederacy', 'Polish-Lithuanian_Commonwealth', 'Political_integration_of_India', 'Qing_Dynasty', 'RMS_Titanic', 'Radhanite', 'Renaissance', 'Russian_Revolution_of_1917', 'Sassanid_Empire', 'Sk%C3%A5neland', 'Space_Race', 'Spanish_Inquisition', 'Spanish_conquest_of_the_Inca_Empire', 'Sydney_Riot_of_1879', 'Tiridates_I_of_Armenia', 'Treaty_of_Devol', 'Viking', 'Warsaw_Uprising_%281794%29', 'Yugoslavia', 'Zhang_Qian', 'Zheng_He']"
71,subject.History.Military_History_and_War,"['15th_Marine_Expeditionary_Unit', 'AK-47', 'Able_Archer_83', 'Algerian_Civil_War', 'Battle_of_Amiens', 'Battle_of_Jutland', 'Battle_of_Warsaw_%281920%29', 'Battle_of_the_Somme_%281916%29', 'Battles_of_the_Mexican-American_War', 'Children%27s_Crusade', 'Colditz_Castle', 'Cristero_War', 'Darfur_conflict', 'Defense_of_Sihang_Warehouse', 'Effects_of_nuclear_explosions', 'F-35_Lightning_II', 'F-4_Phantom_II', 'Firearm', 'German_Crusade%2C_1096', 'Hero_of_Ukraine', 'Hero_of_the_Russian_Federation', 'History_of_nuclear_weapons', 'History_of_the_Royal_Australian_Navy', 'Imperial_Japanese_Navy', 'Invasion', 'Iowa_class_battleship', 'Iraq_War', 'Kargil_War', 'Katana', 'Krag-J%C3%B8rgensen', 'Mauthausen-Gusen_concentration_camp', 'Medal_of_Honor', 'Military_history_of_Canada', 'Military_history_of_France', 'Military_history_of_Puerto_Rico', 'Military_history_of_the_Soviet_Union', 'Nuclear_weapon', 'Order_of_Canada', 'Order_of_St._Patrick', 'Order_of_the_Bath', 'Order_of_the_Garter', 'Order_of_the_Thistle', 'Poison_gas_in_World_War_I', 'Polish-Soviet_War', 'Royal_Air_Force', 'Royal_Marines', 'Royal_Navy', 'S-mine', 'Second_Congo_War', 'Second_Crusade', 'Siege', 'Swedish_allotment_system', 'T-34', 'Tank', 'The_King%27s_Regiment_%28Liverpool%29', 'Third_Servile_War', 'Trench_warfare', 'Trinity_test', 'Tsar_Bomba', 'U.S._Navy_Marine_Mammal_Program', 'USS_Wisconsin_%28BB-64%29', 'Victoria_Cross', 'Vietnam_War', 'Virtuti_Militari', 'War', 'Wars_of_Castro', 'Wars_of_the_Roses', 'Weapon', 'Western_Front_%28World_War_I%29', 'World_War_I', 'Yom_Kippur_War']"
105,subject.Science.Physics.Space_Astronomy,"['16_Cygni', '16_Cygni_Bb', '1_Ceres', '3_Juno', '47_Ursae_Majoris', '47_Ursae_Majoris_b', '47_Ursae_Majoris_c', '4_Vesta', '55_Cancri', '55_Cancri_b', '55_Cancri_c', '55_Cancri_d', '55_Cancri_e', '90377_Sedna', 'Algol', 'Andromeda_Galaxy', 'Archaeoastronomy', 'Aristarchus_%28crater%29', 'Asteroid', 'Astronomy', 'Astrophysics_Data_System', 'Big_Bang', 'Binary_star', 'Black_hole', 'Caloris_Basin', 'Cat%27s_Eye_Nebula', 'Ceres_%28dwarf_planet%29', 'Chromatic_aberration', 'Comet', 'Comet_Hale-Bopp', 'Comet_Halley', 'Comet_Hyakutake', 'Comet_Shoemaker-Levy_9', 'Comet_White-Ortiz-Bolelli', 'Cosmic_inflation', 'Cosmic_microwave_background_radiation', 'Crab_Nebula', 'Diffuse_interstellar_band', 'Edmond_Halley', 'Enceladus_%28moon%29', 'Eris_%28dwarf_planet%29', 'Extrasolar_planet', 'Extraterrestrial_life', 'Fermi_paradox', 'Full_moon', 'Galaxy', 'Gas_giant', 'Gliese_876', 'Gliese_876_b', 'Gliese_876_c', 'Gliese_876_d', 'Globular_cluster', 'Great_Comet_of_1882', 'Great_Red_Spot', 'Great_comet', 'HD_209458_b', 'HD_217107', 'HD_217107_b', 'HD_217107_c', 'HD_28185', 'HD_28185_b', 'H_II_region', 'Hawking_radiation', 'Heliocentrism', 'Herbig-Haro_object', 'Hubble%27s_law', 'Hubble_Deep_Field', 'Kuiper_belt', 'Leo_%28constellation%29', 'Luminiferous_aether', 'Lunar_eclipse', 'Meteor', 'Meteor_shower', 'Metric_expansion_of_space', 'Milky_Way', 'Moon', 'Mu_Arae', 'New_moon', 'Open_cluster', 'Optical_telescope', 'Orion_Nebula', 'PSR_B1620-26c', 'Planetary_nebula', 'Pleiades_%28star_cluster%29', 'Pluto', 'Proxima_Centauri', 'Radio_telescope', 'Red_dwarf', 'Red_giant', 'Redshift', 'Roche_limit', 'Scattered_disc', 'Shackleton_%28crater%29', 'Sirius', 'Solar_System', 'Solar_eclipse', 'Star', 'Sun', 'Timeline_of_discovery_of_solar_system_planets_and_their_natural_satellites', 'Transit_of_Venus', 'Universe', 'Upsilon_Andromedae', 'Upsilon_Andromedae_b', 'Upsilon_Andromedae_c', 'Upsilon_Andromedae_d']"
22,subject.Everyday_life.Sports_events,"['1896_Summer_Olympics', 'Australian_Open', 'Bodyline', 'Commonwealth_Games', 'Davis_Cup', 'FIFA_World_Cup', 'Fed_Cup', 'French_Open_%28tennis%29', 'Grand_Slam_%28tennis%29', 'Hopman_Cup', 'Monaco_Grand_Prix', 'National_Hockey_League', 'Olympic_Games', 'Rugby_World_Cup', 'Super_14', 'Super_Bowl_XL', 'Tennis_Masters_Cup', 'The_Ashes', 'The_Championships%2C_Wimbledon', 'Tour_de_France', 'U.S._Open_%28tennis%29', 'WTA_Tour_Championships']"
33,subject.Geography.Storms,"['1928_Okeechobee_Hurricane', '2005_Atlantic_hurricane_season', 'Cyclone_Percy', 'Cyclone_Rosita', 'Galveston_Hurricane_of_1900', 'Great_Lakes_Storm_of_1913', 'Hurricane_Camille', 'Hurricane_Dennis', 'Hurricane_Floyd', 'Hurricane_Gloria', 'Hurricane_Katrina', 'Hurricane_Mitch', 'Thunderstorm', 'Tropical_Storm_Allison', 'Tropical_Storm_Ana_%282003%29', 'Tropical_Storm_Bilis_%282006%29', 'Tropical_Storm_Bonnie_%282004%29', 'Tropical_Storm_Chris_%282006%29', 'Tropical_Storm_Danielle_%281992%29', 'Tropical_Storm_Delta_%282005%29', 'Tropical_Storm_Franklin_%282005%29', 'Tropical_Storm_Harvey_%282005%29', 'Tropical_Storm_Henri_%282003%29', 'Tropical_Storm_Isabel_%281985%29', 'Tropical_Storm_Larry_%282003%29', 'Tropical_Storm_Lee_%282005%29', 'Tropical_Storm_Leslie_%282000%29', 'Tropical_Storm_Matthew_%282004%29', 'Tropical_Storm_Odette_%282003%29', 'Tropical_Storm_Vamei', 'Tropical_Storm_Zeta_%282005%29', 'Tropical_cyclone', 'Weather_forecasting']"
48,subject.History.Recent_History,"['1973_oil_crisis', '2005_Hertfordshire_Oil_Storage_Terminal_fire', 'Anschluss', 'Bath_School_disaster', 'Berlin_Wall', 'Chadian-Sudanese_conflict', 'Chernobyl_disaster', 'Cold_War', 'Collapse_of_the_World_Trade_Center', 'Columbine_High_School_massacre', 'German_reunification', 'Graniteville_train_disaster', 'History_of_Poland_%281945%E2%80%931989%29', 'History_of_Solidarity', 'History_of_South_Africa_in_the_apartheid_era', 'History_of_Wikipedia', 'History_of_computing_hardware', 'History_of_post-Soviet_Russia', 'Invasion_of_Grenada', 'Iraq_and_weapons_of_mass_destruction', 'Jean_Charles_de_Menezes', 'John_F._Kennedy_assassination', 'Julius_and_Ethel_Rosenberg', 'Jyllands-Posten_Muhammad_cartoons_controversy', 'LANSA_Cuzco_Crash', 'Laika', 'Levee_failures_in_Greater_New_Orleans%2C_2005', 'List_of_European_Union_member_states_by_accession', 'List_of_members_of_the_Commonwealth_of_Nations_by_date_joined', 'Marshall_Plan', 'Nagorno-Karabakh_War', 'Pan_Am_Flight_103', 'Project_MKULTRA', 'Red_rain_in_Kerala', 'Russian_constitutional_crisis_of_1993', 'Rwandan_Genocide', 'Sears_Catalog_Home', 'September_11%2C_2001_attacks', 'Shining_Path', 'Sino-German_cooperation_%281911-1941%29', 'Six-party_talks_concerning_North_Korea%27s_nuclear_program', 'Soviet_Union', 'Spirit_of_the_American_Doughboy', 'Swissair_Flight_111', 'Tiananmen_Square_protests_of_1989', 'Weimar_Republic', 'Weyauwega_derailment', 'WorkChoices']"
76,subject.Geography.Geology_and_geophysics,"['1980_eruption_of_Mount_St._Helens', '2004_Indian_Ocean_earthquake', 'Batholith', 'Beach', 'Bog', 'Cambrian', 'Cambrian_explosion', 'Carboniferous', 'Cave', 'Clay', 'Continental_crust', 'Craton', 'Cretaceous', 'Cretaceous-Tertiary_extinction_event', 'Crust_%28geology%29', 'Decade_Volcanoes', 'Desert', 'Devonian', 'Dune', 'Eocene', 'Eruption_column', 'Fossil', 'Fossil_record', 'Fresh_water', 'Galeras', 'Geology', 'Geology_of_the_Grand_Canyon_area', 'History_of_Earth', 'Humus', 'Hydrology', 'Iceland_hotspot', 'Igneous_rock', 'Iron', 'Jurassic', 'Landform', 'Landscape', 'Loch', 'Magma', 'Mauna_Loa', 'Meander', 'Metamorphic_rock', 'Miocene', 'Natural_disaster', 'Nitrification', 'Ocean', 'Oceanography', 'Oil_reservoir', 'Oligocene', 'Ordovician', 'Oxbow_lake', 'Paleocene', 'Pelagic_zone', 'Permian', 'Petroleum', 'Plate_tectonics', 'Pliocene', 'Precambrian', 'River', 'Sand', 'Sandur', 'Seawater', 'Silurian', 'Soil', 'Soil_moisture', 'Soil_pH', 'Soil_profile', 'Soil_salination', 'Soil_science', 'Soil_structure', 'Soils_retrogression_and_degradation', 'Triassic', 'Uluru', 'Volcanic_pipe', 'Volcano', 'Water_resources', 'White_cliffs_of_Dover']"
39,subject.Geography.Natural_Disasters,"['1997_Pacific_hurricane_season', '2003_Atlantic_hurricane_season', '2004_Atlantic_hurricane_season', '2005_Kashmir_earthquake', '2005_Lake_Tanganyika_earthquake', '2005_Sumatra_earthquake', 'Avalanche', 'Cotopaxi', 'Cyclone_Percy', 'Cyclone_Rosita', 'Earthquake', 'Effect_of_Hurricane_Katrina_on_New_Orleans', 'Effects_of_global_warming', 'Famine', 'Flood', 'Hurricane_Alex_%282004%29', 'Hurricane_Andrew', 'Hurricane_Charley', 'Hurricane_Danny_%281997%29', 'Hurricane_David', 'Hurricane_Edouard_%281996%29', 'Hurricane_Epsilon_%282005%29', 'Hurricane_Felix_%281995%29', 'Hurricane_Georges', 'Hurricane_Ivan', 'Hurricane_John_%281994%29', 'Hurricane_John_%282006%29', 'Hurricane_Marty_%282003%29', 'Hurricane_Philippe_%282005%29', 'Hurricane_Vince_%282005%29', 'July_2006_Java_earthquake', 'Labor_Day_Hurricane_of_1935', 'Levee_failures_in_Greater_New_Orleans%2C_2005', 'Meteorological_history_of_Hurricane_Katrina', 'North_Sea_flood_of_1953', 'Storm_of_October_1804', 'Tsunami', 'Typhoon_Ewiniar_%282006%29', 'Typhoon_Saomai_%282006%29']"
84,subject.Design_and_Technology.Railway_transport,"['2-6-0', '2-8-0', '4-2-0', '4-4-0', '4-6-0', '6-2-0', 'ALCO_FA', 'Algoma_Central_Railway', 'Amtrak', 'Atlantic_Coast_Line_Railroad', 'Autorack', 'Bay_Area_Rapid_Transit', 'Beeching_Axe', 'Beep_%28SWBLW%29', 'Boston_and_Lowell_Railroad', 'Bourbonnais_train_accident', 'CF7', 'California_Southern_Railroad', 'Canadian_Pacific_Railway', 'Chicago_and_North_Western_Railway', 'Control_car_%28rail%29', 'Coupling_%28railway%29', 'Dakota%2C_Minnesota_and_Eastern_Railroad', 'Danske_Statsbaner', 'Disneyland_Railroad', 'EMD_BL2', 'EMD_F7', 'EMD_GP30', 'FM_Consolidated_line', 'Ffestiniog_Railway', 'First_Transcontinental_Railroad', 'Florida_East_Coast_Railway', 'Forth_Bridge_%28railway%29', 'Gas_turbine-electric_locomotive', 'General_Pershing_Zephyr', 'Grand_Central_Station_%28Chicago%29', 'Grand_Central_Terminal', 'Indian_Railways', 'John_Bull_%28locomotive%29', 'Jordanhill_railway_station', 'Liverpool_and_Manchester_Railway', 'London_Underground', 'Lynton_and_Barnstaple_Railway', 'M-10001', 'M-10003-6', 'Maglev_train', 'Mass_Rapid_Transit_%28Singapore%29', 'Montreal_Metro', 'New_York_City_Subway_nomenclature', 'Northern_Pacific_Railway', 'Novelty_%28locomotive%29', 'Overseas_Railroad', 'PRR_GG1', 'PRR_M1', 'Pennsylvania_Railroad', 'Pere_Marquette_1225', 'RER', 'Rail_transport', 'Rail_transport_in_India', 'Railway_post_office', 'Rainhill_Trials', 'Refrigerator_car', 'SD26', 'San_Diegan', 'San_Diego_Electric_Railway', 'San_Diego_and_Arizona_Railway', 'Scott_Special', 'Snaefell_Mountain_Railway', 'Southern_Pacific_4449', 'Stock_car_%28rail%29', 'Stourbridge_Lion', 'Super_Chief', 'T._D._Judah', 'TGV', 'Tay_Rail_Bridge', 'The_Canadian', 'Timken_1111', 'Train', 'Trans-Siberian_Railway', 'Troop_sleeper', 'Union_Station_%28San_Diego%29', 'Virginian_Railway', 'Washington_Metro', 'Winston_Tunnel']"
45,subject.People.Sports_and_games_people,"['A._E._J._Collins', 'Andr%C3%A9s_Nocioni', 'Babe_Ruth', 'Bernard_Hinault', 'Bj%C3%B6rn_Borg', 'Boris_Becker', 'Brian_Close', 'Carl_Lewis', 'Chris_Evert', 'Daley_Thompson', 'Damon_Hill', 'David_Beckham', 'Denis_Law', 'Diego_Maradona', 'Donald_Bradman', 'Fanny_Blankers-Koen', 'Floyd_Mayweather_Jr.', 'Gilles_Villeneuve', 'Greg_LeMond', 'Hermann_Maier', 'Jackie_Robinson', 'Jesse_Owens', 'John_McEnroe', 'Jonah_Lomu', 'Lance_Armstrong', 'Laurent_Fignon', 'Lottie_Dod', 'Marc_Pugh', 'Marcus_Allen', 'Mark_Webber', 'Martina_Navratilova', 'Michael_Jordan', 'Mickey_Mantle', 'Muhammad_Ali', 'Nadia_Com%C4%83neci', 'Pat_Cash', 'Pel%C3%A9', 'Pete_Sampras', 'Sandy_Koufax', 'Stefan_Edberg', 'Steve_Davis', 'Tiger_Woods', 'Tim_Henman', 'Wayne_Rooney', 'William_Renshaw']"
109,subject.Science.Biology.Health_and_medicine,"['ABO_blood_group_system', 'AIDS', 'Achilles_tendon', 'Aesthetics', 'Albinism', 'Alzheimer%27s_disease', 'Anemia', 'Ascariasis', 'Asperger_syndrome', 'Asthma', 'Attention-deficit_hyperactivity_disorder', 'Autism', 'Autostereogram', 'B_vitamins', 'Baby_Gender_Mentor', 'Beriberi', 'Birth_control', 'Blood_type', 'Body_mass_index', 'Cancer', 'Cataract', 'Cataract_surgery', 'Child', 'Cholera', 'Color_blindness', 'Common_cold', 'Cornea', 'Crohn%27s_disease', 'Cystic_fibrosis', 'Diabetes_mellitus', 'Down_syndrome', 'Duchenne_muscular_dystrophy', 'Earwax', 'Edema', 'Edible_salt', 'Emotion', 'Endoscopic_foreign_body_retrieval', 'Eye', 'Eyelid', 'Fatty_acid', 'Fetal_alcohol_spectrum_disorder', 'Folic_acid', 'H5N1', 'HIV', 'Haemophilia', 'Health', 'Hepatocellular_carcinoma', 'Hepatorenal_syndrome', 'Human_abdomen', 'Humour', 'Hunger', 'Huntington%27s_disease', 'Insulin', 'Intelligence', 'Klinefelter%27s_syndrome', 'Kuru_%28disease%29', 'Lens_%28anatomy%29', 'Lipid', 'Lung_cancer', 'Lyme_disease', 'Malaria', 'Measles', 'Medicine', 'Meningitis', 'Milgram_experiment', 'Morphine', 'Multiple_sclerosis', 'Myers-Briggs_Type_Indicator', 'Myocardial_infarction', 'Nanomedicine', 'Nephron', 'Nutrition', 'Omega-3_fatty_acid', 'Orbit_%28anatomy%29', 'Osteomalacia', 'Pellagra', 'Pernicious_anemia', 'Phenylketonuria', 'Phineas_Gage', 'Pinworm', 'Pneumonia', 'Prion', 'Project_MKULTRA', 'Prostate_cancer', 'Psychology', 'Pupil', 'Rabies', 'Retina', 'Retinol', 'Schatzki_ring', 'Schizophrenia', 'Scurvy', 'Sickle-cell_disease', 'Smallpox', 'Social_anxiety', 'Stem_cell', 'Stroke', 'Tay-Sachs_disease', 'Thalassemia', 'Tobacco_smoking', 'Tooth_development', 'Tooth_enamel', 'Tourette_syndrome', 'Trichinosis', 'Tuberculosis', 'Turner_syndrome', 'Weight_training', 'Whipworm', 'Yellow_fever']"
16,subject.Music.Performers_and_composers,"['AC_DC', 'Arctic_Monkeys', 'Duran_Duran', 'Iron_Maiden', 'Ladysmith_Black_Mambazo', 'McFly_%28band%29', 'Nirvana_%28band%29', 'Oasis_%28band%29', 'Queen_%28band%29', 'The_Beatles', 'The_Rolling_Stones', 'The_Smiths', 'The_Supremes', 'The_Temptations', 'U2', 'Van_Halen']"
20,subject.IT.Computing_hardware_and_infrastructure,"['ASCII', 'Acorn_Computers', 'CPU_cache', 'Central_processing_unit', 'Color_Graphics_Adapter', 'Commodore_64', 'Compact_Disc', 'Computer', 'DVD', 'Floppy_disk', 'GNOME', 'History_of_computing_hardware', 'IPod', 'Integrated_circuit', 'InterBase', 'Macintosh', 'Moore%27s_Law', 'Quantum_computer', 'The_Children%27s_Machine', 'ZX_Spectrum']"
18,subject.Business_Studies.Companies,"['AT%26T', 'Acorn_Computers', 'BAE_Systems', 'BP', 'Bank_of_China_%28Hong_Kong%29', 'British_East_India_Company', 'GlaxoSmithKline', 'HSBC', 'Harley-Davidson', 'Intel_Corporation', 'J._S._Fry_%26_Sons', 'Microsoft', 'Nintendo', 'Rio_Tinto_Group', 'Royal_Dutch_Shell', 'Sinclair_Research_Ltd', 'Sony', 'Vodafone']"
55,subject.Science.Physics.General_Physics,"['ATLAS_experiment', 'Aberration_of_light', 'Absolute_zero', 'Acceleration', 'Casimir_effect', 'Color', 'Energy', 'Entropy', 'Force', 'Fossil_fuel', 'Gas', 'Gravitation', 'Heat', 'History_of_science', 'Ice', 'Introduction_to_special_relativity', 'Isospin', 'Light', 'List_of_particles', 'Matter', 'Mechanical_work', 'Momentum', 'Motion_%28physics%29', 'Neutron', 'Nuclear_fission', 'Optical_fiber', 'Optical_microscope', 'Phase_%28matter%29', 'Photon', 'Physical_paradox', 'Physical_science', 'Physics', 'Plasma_%28physics%29', 'Proton', 'Quantum_mechanics', 'Quark', 'Radio_frequency', 'Redshift', 'Renormalization', 'Schr%C3%B6dinger_equation', 'Sound', 'Spacecraft_propulsion', 'Special_relativity', 'Speed_of_light', 'Spherical_aberration', 'String_theory', 'Temperate', 'Thermodynamic_temperature', 'Thermodynamics', 'Time', 'Time_zone', 'Ultraviolet', 'Wave', 'Wave%E2%80%93particle_duality', 'Work_%28thermodynamics%29']"
39,subject.Language_and_literature.Novels,"['A_Christmas_Carol', 'A_Tale_of_a_Tub', 'A_Wrinkle_in_Time', 'Alice%27s_Adventures_in_Wonderland', 'Anna_Karenina', 'Charlotte%27s_Web', 'Crime_and_Punishment', 'David_Copperfield_%28novel%29', 'Frankenstein', 'Harry_Potter', 'Howards_End', 'Jane_Eyre', 'Kidnapped_%28novel%29', 'Little_Women', 'Nineteen_Eighty-Four', 'Oliver_Twist', 'One_Flew_Over_the_Cuckoo%27s_Nest_%28novel%29', 'Oroonoko', 'Pride_and_Prejudice', 'Private_Peaceful', 'Robinson_Crusoe', 'Starship_Troopers', 'The_Brothers_Karamazov', 'The_Catcher_in_the_Rye', 'The_Count_of_Monte_Cristo', 'The_Curious_Incident_of_the_Dog_in_the_Night-time', 'The_Hitchhiker%27s_Guide_to_the_Galaxy', 'The_Hobbit', 'The_Lion%2C_the_Witch_and_the_Wardrobe', 'The_Lorax', 'The_Lord_of_the_Rings', 'The_Old_Man_and_the_Sea', 'The_Oz_books', 'The_Picture_of_Dorian_Gray', 'The_Pilgrim%27s_Progress', 'To_Kill_a_Mockingbird', 'Treasure_Island', 'War_and_Peace', 'Wolf_Brother']"
46,subject.Music.Musical_genres_styles_eras_and_events,"['A_cappella', 'Alternative_rock', 'American_popular_music', 'Atonality', 'Bluegrass_music', 'Classic_female_blues', 'Drum_and_bass', 'Eurovision_Song_Contest', 'Folk_music', 'Garage_%28dance_music%29', 'Glastonbury_Festival', 'Gregorian_chant', 'Hip_hop_music', 'Italo_disco', 'Jazz', 'Medieval_music', 'Music', 'Music_of_Albania', 'Music_of_Antigua_and_Barbuda', 'Music_of_Barbados', 'Music_of_Dominica', 'Music_of_Hawaii', 'Music_of_Hungary', 'Music_of_Ireland', 'Music_of_Italy', 'Music_of_Martinique_and_Guadeloupe', 'Music_of_New_Zealand', 'Music_of_Spain', 'Music_of_Thailand', 'Music_of_Trinidad_and_Tobago', 'Music_of_the_Bahamas', 'Music_of_the_Lesser_Antilles', 'Music_of_the_United_States', 'Music_of_the_trecento', 'Ragtime', 'Rapping', 'Reggae', 'Reggaeton', 'Renaissance_music', 'Rhythm_and_blues', 'Salsa_music', 'Ska', 'Soukous', 'Tone_cluster', 'Trobairitz', 'White_Mountain_art']"
83,subject.Geography.European_Geography,"['Aachen', 'Aarhus', 'Akrotiri_and_Dhekelia', 'Amsterdam', 'Antwerp', 'Athens', 'Barcelona', 'Basel', 'Berlin', 'Bj%C3%B8rn%C3%B8ya', 'Bologna', 'Boltysh_crater', 'Bratislava', 'Brussels', 'Bucharest', 'Budapest', 'Cologne', 'Copenhagen', 'D%C3%BCsseldorf', 'Danube', 'Dresden', 'Dublin', 'Eldfell', 'Europe', 'Evanton', 'Fair_Isle', 'Ferdinandea', 'Flanders', 'Frankfurt', 'Funchal', 'Geneva', 'Genoa', 'Geography_of_Ireland', 'Giant%27s_Causeway', 'Gothenburg', 'Hamburg', 'Heilbronn', 'Helsinki', 'Istanbul', 'Jan_Mayen', 'Karikkoselk%C3%A4', 'Keurusselk%C3%A4', 'Kiev', 'Las_Palmas_de_Gran_Canaria', 'Lille', 'Limerick', 'Lisbon', 'List_of_European_Union_member_states_by_accession', 'List_of_European_countries', 'Luxembourg_%28city%29', 'Lyon', 'Macedon', 'Madrid', 'Marseille', 'Milan', 'Mount_Vesuvius', 'Munich', 'Oslo', 'P%C3%B3voa_de_Varzim', 'Palio_di_Siena', 'Paris', 'Prague', 'Rhine', 'Rome', 'Rondane_National_Park', 'Rotterdam', 'Saint_Petersburg', 'Santorini', 'Sarajevo', 'Stockholm', 'Surtsey', 'Svalbard', 'The_Hague', 'Trabancos_River', 'Turin', 'Utrecht_%28city%29', 'Vienna', 'Volga_River', 'Warsaw', 'West_Flemish', 'Western_Roman_Empire', 'Z%C3%BCrich', 'Zuid-Gelders']"
114,subject.Science.Biology.Mammals,"['Aardvark', 'Afghan_Hound', 'African_Brush-tailed_Porcupine', 'African_Buffalo', 'African_Wild_Dog', 'Alpaca', 'Anteater', 'Antelope', 'Ape', 'Armadillo', 'Aye-aye', 'Baboon', 'Badger', 'Bandicoot', 'Barbary_Lion', 'Barbary_Macaque', 'Basset_Hound', 'Bat', 'Bat-eared_Fox', 'Bear', 'Beaver', 'Bison', 'Black-backed_Jackal', 'Black-footed_Cat', 'Black_Rhinoceros', 'Black_Wildebeest', 'Black_panther', 'Blue_Whale', 'Blue_Wildebeest', 'Bobcat', 'Bohor_Reedbuck', 'Bongo_%28antelope%29', 'Bonobo', 'Bontebok', 'Boston_Terrier', 'Bottlenose_Dolphin', 'Bushbuck', 'Bushpig', 'Camel', 'Cape_Lion', 'Cape_Porcupine', 'Cat', 'Cheetah', 'Chimpanzee', 'Common_Eland', 'Common_agouti', 'Dik-dik', 'Dingo', 'Dog', 'Dolphin', 'Domestic_goat', 'Earless_seal', 'Elephant', 'Elephant_shrew', 'Ethiopian_Wolf', 'Fox', 'Gaur', 'Gazelle', 'Giant_Eland', 'Giant_Panda', 'Giraffe', 'Gorilla', 'Gray_Wolf', 'Greater_Cane_Rat', 'Grevy%27s_Zebra', 'Hippopotamus', 'Homo_floresiensis', 'Horse', 'Human', 'Humpback_Whale', 'Hyena', 'Island_Fox', 'Jackal', 'Kangaroo', 'Lion', 'Mammal', 'Mixed-breed_dog', 'Mole_%28animal%29', 'Mongoose', 'Monkey', 'Mountain_Gorilla', 'Naked_Mole_Rat', 'Nicobar_Long-tailed_Macaque', 'Okapi', 'Orca', 'Otter', 'Pig', 'Plains_Zebra', 'Platypus', 'Pony', 'Pygmy_Hippopotamus', 'Rabbit', 'Red_Panda', 'Right_whale', 'Roan_Antelope', 'Short-beaked_Echidna', 'Sperm_Whale', 'Tasmanian_Devil', 'Tiger', 'Urial', 'Vampire_bat', 'Vole', 'Wallaby', 'Walrus', 'Water_Buffalo', 'Weasel', 'Whale', 'Whale_song', 'Wild_cat', 'Wildebeest', 'Wolverine', 'Wombat', 'Yak', 'Zebra']"
108,subject.Science.Biology.Plants,"['Abac%C3%A1', 'Almond', 'Amaranth_oil', 'Angelica', 'Arecaceae', 'Argan', 'Autobianchi_Primula', 'Avocado', 'Barley', 'Basil', 'Bean', 'Beet', 'Borage', 'Botany', 'Cactus', 'Carrot', 'Celeriac', 'Celery', 'Cereal', 'Chestnut', 'Chives', 'Cicely', 'Citrus', 'Coconut', 'Common_Hazel', 'Common_sage', 'Coriander', 'Cotton', 'Cubeb', 'Cyclamen', 'Cymbopogon', 'Dandelion', 'Dill', 'Drosera_anglica', 'Ebony', 'Eleocharis_dulcis', 'Epazote', 'Fennel', 'Fern', 'Flower', 'Forest', 'Galerina', 'Giant_Hogweed', 'Gossypium', 'Hickman%27s_potentilla', 'History_of_saffron', 'Jiaogulan', 'Kaffir_lime', 'Lavender', 'Lemon', 'Lemon_balm', 'Lemon_myrtle', 'Lettuce', 'Long_pepper', 'Lovage', 'Maize', 'Mango', 'Marjoram', 'Mentha', 'Milk_thistle', 'Mirabilis_%28plant%29', 'Monarda_didyma', 'Moringa_oleifera', 'Moss', 'Mustard_plant', 'Nepenthes_rajah', 'Nigella', 'Oat', 'Oenothera', 'Opuntia_imbricata', 'Oregano', 'Pandanus', 'Parsley', 'Parsnip', 'Pea', 'Peanut', 'Plum', 'Primula', 'Radish', 'Rhubarb', 'Rosemary', 'Safflower', 'Saffron', 'Seed', 'Sequoia', 'Sesame', 'Sorghum', 'Sorrel', 'Star_anise', 'Sugar_beet', 'Sugarcane', 'Sumac', 'Sundew', 'Sunflower', 'Tansy', 'Tarragon', 'Tobacco', 'Trade_and_usage_of_saffron', 'Tree', 'Triggerplant', 'Turmeric', 'Vanilla', 'Vegetable', 'Vegetation', 'Vicia_faba', 'Wasabi', 'Weed', 'Woodruff']"
27,subject.Everyday_life.Everyday_life,"['Abacus', 'Advertising', 'Aquarium', 'Clothing', 'Culture', 'Day', 'Emotion', 'Family', 'Fashion', 'House', 'Humour', 'Information', 'Love', 'Necktie', 'Pearl', 'Popular_culture', 'Postage_stamp', 'Pottery', 'Santa_Claus', 'Science', 'Season', 'Shoe_polish', 'Sleep', 'Spring_%28season%29', 'Summer', 'Tobacco_smoking', 'Toy']"
45,subject.Mathematics,"['Abacus', 'Algebra', 'Algorithm', 'Applied_mathematics', 'Arithmetic', 'Boolean_logic', 'Calculus', 'Differential_equation', 'Differential_geometry_and_topology', 'Elementary_algebra', 'Elementary_arithmetic', 'Elementary_group_theory', 'Euclidean_geometry', 'Fractal', 'Fundamental_theorem_of_arithmetic', 'Game_theory', 'Geometry', 'Group_%28mathematics%29', 'Information', 'Linear_algebra', 'Manifold', 'Margin_of_error', 'Mathematical_analysis', 'Mathematics', 'Matrix_%28mathematics%29', 'Measurement', 'Nash_equilibrium', 'Number', 'Ordinal_number', 'Ordinary_differential_equation', 'Perfect_number', 'Pi', 'Polar_coordinate_system', 'Prime_number', 'Probability_theory', 'Pythagorean_theorem', 'Quantity', 'Set', 'Sphere', 'Statistics', 'Symmetry', 'Topology', 'Trigonometric_function', 'Trigonometry', 'Venn_diagram']"
18,subject.Geography.Geography_of_the_Middle_East,"['Abadan', 'Baghdad', 'Beirut', 'Cairo', 'Damascus', 'Doha', 'Euphrates', 'Fertile_Crescent', 'Jerusalem', 'Jordan_River', 'Kuwait_City', 'Maghreb', 'Muscat%2C_Oman', 'Riyadh', 'Sahara', 'Tehran', 'Tel_Aviv', 'Tripoli']"
87,subject.History.Ancient_History_Classical_History_and_Mythology,"['Abbadid', 'Abbasid', 'Achilles', 'Akhenaten', 'Akkadian_Empire', 'Aksumite_currency', 'Alcibiades', 'Ancient_Egypt', 'Ancient_Greece', 'Ancient_Rome', 'Apaochi', 'Assyria', 'Aztec', 'Babur', 'Babylonia', 'Battle_of_Lechaeum', 'Battle_of_Marathon', 'Battle_of_Tours', 'Behistun_Inscription', 'Benjamin_of_Tudela', 'Bronze_Age', 'Cleopatra_VII_of_Egypt', 'Code_of_Hammurabi', 'Colossus_of_Rhodes', 'Cretaceous-Tertiary_extinction_event', 'Cyclops', 'David_III_of_Tao', 'Demosthenes', 'Elagabalus', 'Epic_of_Gilgamesh', 'Folklore', 'GDRT', 'Great_Moravia', 'Great_Pyramid_of_Giza', 'Hammurabi', 'Hebrew_calendar', 'Helen', 'Hellenistic_Greece', 'Heracles', 'History_of_Greece', 'Ibn_Battuta', 'Inca_Empire', 'Indo-Greek_Kingdom', 'Indus_Valley_Civilization', 'Iron_Age', 'King_Arthur', 'Library_of_Alexandria', 'Lighthouse_of_Alexandria', 'Lothal', 'Macedon', 'Machu_Picchu', 'Mahabharata', 'Mausoleum_of_Maussollos', 'Maya_civilization', 'Mesopotamia', 'Ming_Dynasty', 'Minoan_civilization', 'Mongol_Empire', 'Mongol_invasion_of_Central_Asia', 'Odysseus', 'Odyssey', 'Oleg_of_Novgorod', 'Olmec', 'Ottoman_Empire', 'Persian_Empire', 'Pheidippides', 'Pompeii', 'Prehistoric_man', 'Pro_Milone', 'Qin_Dynasty', 'Ramesses_II', 'Roman_Empire', 'Roman_Greece', 'Roman_law', 'Romulus_Augustus', 'Siege_of_Antioch', 'Sino-Roman_relations', 'Statue_of_Zeus_at_Olympia', 'Stone_Age', 'Sumer', 'Sun_Tzu', 'Svart%C3%A1lfar', 'Temple_of_Artemis', 'Third_Servile_War', 'Trojan_War', 'Uffington_White_Horse', 'Western_Roman_Empire']"
29,subject.History.British_History.British_History_15001750,"['Abbey', 'Abbot', 'Acts_of_Union_1707', 'Anne_of_Great_Britain', 'Ben_Jonson', 'British_East_India_Company', 'Charles_II_of_England', 'Charles_I_of_England', 'Edward_VI_of_England', 'Elizabethan_Poor_Law_%281601%29', 'English_Reformation', 'Francis_Drake', 'George_I_of_Great_Britain', 'Glorious_Revolution', 'Henry_VII_of_England', 'Jacobite_rising', 'James_II_of_England', 'James_I_of_England', 'Laws_in_Wales_Acts_1535%E2%80%931542', 'Mary_II_of_England', 'Mary_I_of_England', 'Mary_I_of_Scotland', 'Philosophiae_Naturalis_Principia_Mathematica', 'Poor_Law', 'Society_of_Merchant_Venturers', 'Spanish_Armada', 'Walter_Raleigh', 'William_III_of_England', 'William_and_Mary']"
35,subject.Religion.Religious_movements_traditions_and_organizations,"['Abbey', 'Abbot', 'Anglican_Church_of_Australia', 'Anglican_Communion', 'Anglicanism', 'Bah%C3%A1%27%C3%AD_Faith', 'Buddhism', 'Catholic_social_teaching', 'Christian_monasticism', 'Christianity', 'Church_of_England', 'Church_of_Ireland', 'Eastern_Orthodox_Church', 'Episcopal_polity', 'Ghost_Dance', 'Greco-Buddhism', 'Hinduism', 'History_of_Buddhism', 'Islam', 'Judaism', 'Knights_of_Columbus', 'List_of_Archbishops_of_Canterbury', 'Mecca', 'Mormon', 'Mosque', 'Opus_Dei', 'Papal_conclave', 'Pope', 'Religion', 'Religious_Society_of_Friends', 'Roman_Catholic_Church', 'Scottish_Episcopal_Church', 'Shinto', 'Sikhism', 'Zionism']"
32,subject.Language_and_literature.Theatre,"['Abbey_Theatre', 'Actor', 'Arcadia_%28play%29', 'Augusta%2C_Lady_Gregory', 'Colley_Cibber', 'Costume_design', 'Drama', 'Globe_Theatre', 'Henrik_Ibsen', 'Irish_theatre', 'John_Millington_Synge', 'Lighting_designer', 'Macbeth', 'Restoration_comedy', 'Richard_III_%28play%29', 'Romeo_and_Juliet', 'Royal_National_Theatre', 'Saint_Joan_%28play%29', 'Samuel_Beckett', 'Stage_%28theatre%29', 'T._S._Eliot', 'The_Country_Wife', 'The_Frogs', 'The_Importance_of_Being_Earnest', 'The_Merchant_of_Venice', 'The_Relapse', 'The_Seagull', 'Theatre', 'Theatre_Royal%2C_Drury_Lane', 'Theatre_in_the_round', 'Westport_Country_Playhouse', 'William_Shakespeare']"
21,subject.People.Geographers_and_explorers,"['Abel_Tasman', 'Christopher_Columbus', 'David_Livingstone', 'Edmund_Hillary', 'Ferdinand_Magellan', 'Henry_Morton_Stanley', 'Jacques_Cartier', 'James_Cook', 'John_Cabot', 'Juan_Sebasti%C3%A1n_Elcano', 'Leif_Ericson', 'Marco_Polo', 'Neil_Armstrong', 'Richard_Francis_Burton', 'Roald_Amundsen', 'S._A._Andr%C3%A9e%27s_Arctic_balloon_expedition_of_1897', 'Stephen_Trigg', 'Tenzing_Norgay', 'Vasco_da_Gama', 'Vitus_Bering', 'Willem_Barents']"
124,subject.Geography.Geography_of_Great_Britain,"['Aberdeen', 'Aberystwyth', 'Avon_Gorge', 'Bath%2C_Somerset', 'Belfast', 'Ben_Nevis', 'Birmingham', 'Blackpool', 'Brighton', 'Bristol', 'British_Isles', 'British_Isles_%28terminology%29', 'Cambridge', 'Canterbury', 'Cardiff', 'Channel_Islands', 'Chew_Magna', 'Chew_Stoke', 'Chew_Valley', 'Chew_Valley_Lake', 'Chiltern_Hills', 'City_status_in_the_United_Kingdom', 'Cotswolds', 'Coventry', 'Cross_Fell', 'Cuckmere_Haven', 'Dartmoor', 'Derby', 'Dorset', 'Dover', 'Dundee', 'Dunstable_Downs', 'Durham', 'Edinburgh', 'England', 'Faroe_Islands', 'Geology_of_Dorset', 'Gibraltar', 'Glasgow', 'Great_Yarmouth', 'Guernsey', 'Hampshire', 'Hampstead_Heath', 'Hebrides', 'Hyde_Park%2C_London', 'Inner_Hebrides', 'Ipswich', 'Irish_Sea', 'Isle_of_Man', 'Isle_of_Wight', 'Isles_of_Scilly', 'Jersey', 'Jersey_Zoological_Park', 'Lake_District', 'Leeds', 'Leicester', 'Lerwick', 'Liverpool', 'Llandudno', 'Loch_Ness', 'London', 'London_Zoo', 'M1_motorway', 'M25_motorway', 'M6_motorway', 'Manchester', 'Margate', 'Mendip_Hills', 'Milton_Keynes', 'Moorgate', 'Morecambe_Bay', 'Moscow', 'National_parks_of_England_and_Wales', 'New_Forest', 'Newcastle_upon_Tyne', 'Newmarket', 'Norfolk', 'Northern_Ireland', 'Norwich', 'Nottingham', 'Orkney', 'Outer_Hebrides', 'Oxford', 'Peak_District', 'Pennine_Way', 'Piccadilly_Circus', 'Plymouth', 'Portsmouth', 'Ramsgate', 'Regent%27s_Park', 'River_Severn', 'River_Thames', 'Rock_of_Gibraltar', 'Rockall', 'Royal_Parks_of_London', 'Salford', 'Scotland', 'Scottish_Highlands', 'Severn_crossing', 'Sheffield', 'Shetland', 'Snowdonia', 'Snowdonia_National_Park', 'Southampton', 'St_Buryan', 'St_Michael%27s_Mount', 'Stonehenge', 'Stornoway', 'Stratford-upon-Avon', 'Stuttgart', 'The_Broads', 'The_Fens', 'The_Iron_Bridge', 'Trafalgar_Square', 'United_Kingdom', 'Wales', 'Watling_Street', 'Wessex', 'Weston-super-Mare', 'Weymouth', 'White_cliffs_of_Dover', 'Windsor_Castle', 'York', 'Yorkshire_Dales']"
18,subject.Religion.Religious_texts,"['Abhidhamma_Pitaka', 'Allegory_in_the_Middle_Ages', 'Bible', 'Book_of_Common_Prayer', 'Comma_Johanneum', 'Dead_Sea_scrolls', 'First_Council_of_Nicaea', 'I_Ching', 'Last_Supper', 'Lindisfarne_Gospels', 'Pali_Canon', 'Pentateuch', 'Qur%27an', 'Revised_Standard_Version', 'Schuttern_Gospels', 'Sermon_on_the_Mount', 'Tripitaka', 'Vinaya']"
80,subject.Geography.African_Geography,"['Abidjan', 'Abuja', 'Accra', 'Addis_Ababa', 'Africa', 'African_Great_Lakes', 'Algiers', 'Angkor', 'Antananarivo', 'Bamako', 'Banjul', 'Bantu', 'Bissau', 'Cairo', 'Cape_Town', 'Conakry', 'Congo_River', 'Culture_of_the_Democratic_Republic_of_the_Congo', 'Dakar', 'Defaka', 'East_Africa', 'El_Aai%C3%BAn', 'Freetown', 'Gaborone', 'Geography_of_Africa', 'Golden_Gate_Highlands_National_Park', 'HIV_AIDS_in_Africa', 'Harare', 'Horn_of_Africa', 'Johannesburg', 'Khartoum', 'Kigali', 'Lagos', 'Lake_Albert', 'Lake_Edward', 'Lake_Kariba', 'Lake_Kivu', 'Lake_Malawi', 'Lake_Tanganyika', 'Lake_Turkana', 'Lake_Victoria', 'Libreville', 'Lilongwe', 'List_of_African_countries', 'Lom%C3%A9', 'Lusaka', 'Maghreb', 'Maputo', 'Maseru', 'Mbabane', 'Mogadishu', 'Monrovia', 'Mount_Kilimanjaro', 'Mount_Nyiragongo', 'Nairobi', 'Niger_River', 'Nile', 'North_Africa', 'Northwest_Africa', 'Nouakchott', 'Ouagadougou', 'Port_Louis', 'Porto-Novo', 'Praia', 'Pretoria', 'Rabat', 'S%C3%A3o_Tom%C3%A9', 'Sahara', 'Southern_Africa', 'Sub-Saharan_Africa', 'Suburbs_of_Johannesburg', 'Suez_Canal', 'Terik', 'Timbuktu', 'Tripoli', 'Tunis', 'Victoria%2C_Seychelles', 'Yamoussoukro', 'Zambezi', 'Zulu']"
37,subject.Geography.Geography_of_Asia.Asian_Countries,"['Abkhazia', 'Afghanistan', 'Bangladesh', 'Bhutan', 'British_Indian_Ocean_Territory', 'Brunei', 'Cambodia', 'China', 'Christmas_Island', 'East_Timor', 'Hong_Kong', 'India', 'Indonesia', 'Japan', 'Kazakhstan', 'Korea', 'Kyrgyzstan', 'Laos', 'Malaysia', 'Maldives', 'Myanmar', 'Nepal', 'North_Korea', 'Pakistan', 'People%27s_Republic_of_China', 'Philippines', 'Republic_of_China', 'Singapore', 'South_Korea', 'Sri_Lanka', 'Taiwan', 'Tajikistan', 'Thailand', 'Tibet', 'Turkmenistan', 'Uzbekistan', 'Vietnam']"
71,subject.People.Writers_and_critics,"['Abraham_Goldfaden', 'Albrecht_Rodenbach', 'Aleksandr_Pushkin', 'Andrew_Gonzalez', 'Anne_Frank', 'Arthur_Sullivan', 'Arthur_Upfield', 'Augusta%2C_Lady_Gregory', 'Ben_Jonson', 'Brothers_Grimm', 'C%C3%A6dmon', 'C._S._Lewis', 'Charles_Dickens', 'Charles_Etienne_Brasseur_de_Bourbourg', 'Colley_Cibber', 'Dante_Alighieri', 'David_Helvarg', 'Douglas_Adams', 'Dr._Seuss', 'Du_Fu', 'E._E._Cummings', 'Edgar_Allan_Poe', 'Ernest_Hemingway', 'Ezra_Pound', 'Franz_Kafka', 'Fyodor_Dostoevsky', 'George_Byron%2C_6th_Baron_Byron', 'George_Eliot', 'George_Herbert', 'Gerald_Durrell', 'H.D.', 'Henrik_Ibsen', 'Henry_James', 'Homer', 'Isaac_Asimov', 'J._K._Rowling', 'J._R._R._Tolkien', 'Jack_Kerouac', 'James_Joyce', 'James_Lovelock', 'Jane_Austen', 'Johann_Wolfgang_Goethe', 'John_Millington_Synge', 'John_Milton', 'John_Seigenthaler%2C_Sr.', 'John_W._Campbell', 'Jorge_Luis_Borges', 'Khan_Wali_Khan', 'Leo_Tolstoy', 'Marcel_Proust', 'Mark_Twain', 'Mary_Kingsley', 'Mary_Somerville', 'Matsuo_Bash%C5%8D', 'Miguel_de_Cervantes', 'Muhammad_Iqbal', 'Rabindranath_Tagore', 'Rudyard_Kipling', 'Samuel_Beckett', 'Samuel_Taylor_Coleridge', 'Stanis%C5%82aw_Lem', 'Stephen_Jay_Gould', 'T._S._Eliot', 'Thomas_Pynchon', 'Victor_Hugo', 'Virgil', 'Voltaire', 'Walt_Whitman', 'Walter_Scott', 'William_Butler_Yeats', 'William_Shakespeare']"
37,subject.People.USA_Presidents,"['Abraham_Lincoln', 'Andrew_Jackson', 'Andrew_Johnson', 'Benjamin_Harrison', 'Calvin_Coolidge', 'Chester_A._Arthur', 'Dwight_D._Eisenhower', 'Franklin_D._Roosevelt', 'Franklin_Pierce', 'George_H._W._Bush', 'George_W._Bush', 'George_Washington', 'Gerald_Ford', 'Grover_Cleveland', 'Harry_S._Truman', 'Herbert_Hoover', 'James_Buchanan', 'James_Garfield', 'James_K._Polk', 'James_Monroe', 'Jimmy_Carter', 'John_Adams', 'John_F._Kennedy', 'John_Tyler', 'Lyndon_B._Johnson', 'Martin_Van_Buren', 'Millard_Fillmore', 'Richard_Nixon', 'Ronald_Reagan', 'Rutherford_B._Hayes', 'Theodore_Roosevelt', 'Thomas_Jefferson', 'Ulysses_S._Grant', 'Warren_G._Harding', 'William_Henry_Harrison', 'William_McKinley', 'Woodrow_Wilson']"
15,subject.Everyday_life.Drink,"['Absinthe', 'Beer', 'Cider', 'Coffee', 'Distilled_beverage', 'Drinking_water', 'Guinness', 'Juice', 'Milk', 'Milkshake', 'Riesling', 'Soup', 'Tea', 'Water_purification', 'Wine']"
36,subject.Art.Art,"['Abstract_art', 'Art', 'Arts_and_crafts', 'Baroque', 'Brush', 'Buddhist_art', 'Calligraphy', 'Constructivism_%28art%29', 'Cubism', 'Drama', 'Drawing', 'Expressionism', 'Fine_art', 'History_of_painting', 'Impressionism', 'Italian_Renaissance', 'Jewellery', 'Kitsch', 'Mona_Lisa', 'Mosaic', 'National_Gallery%2C_London', 'Neoclassicism', 'Oil_painting', 'Painting', 'Photography', 'Pottery', 'Pre-Raphaelite_Brotherhood', 'Printmaking', 'Sculpture', 'Sistine_Chapel_ceiling', 'Stained_glass', 'Textile', 'The_Last_Supper_%28Leonardo%29', 'Visual_arts', 'Watercolor_painting', 'Western_painting']"
18,subject.Geography.Geography_of_the_Middle_East.Middle_Eastern_Countries,"['Abu_Dhabi', 'Bahrain', 'Dubai', 'Gaza_Strip', 'Iran', 'Iraq', 'Israel', 'Jordan', 'Kuwait', 'Lebanon', 'Oman', 'Palestinian_territories', 'Qatar', 'Saudi_Arabia', 'Syria', 'United_Arab_Emirates', 'West_Bank', 'Yemen']"
28,subject.Business_Studies.Business,"['Accountancy', 'Advertising', 'Business', 'Company_%28law%29', 'Cooperative', 'Corporate_finance', 'Corporation', 'Employment', 'Financial_statements', 'Guild', 'Industry', 'Infrastructure', 'Investment_banking', 'Logistics', 'Manufacturing', 'Market', 'Mining', 'Natural_gas', 'North_Sea_oil', 'Oil_refinery', 'Petroleum', 'Pottery', 'Prospecting', 'Refining', 'Stock', 'Supply_chain_management', 'Tourism', 'Wall_Street']"
42,subject.Science.Chemistry.Chemical_compounds,"['Acetic_acid', 'Acetone', 'Adenosine_triphosphate', 'Aluminium_chloride', 'Ammonia', 'Benzene', 'CS_gas', 'Caesium_fluoride', 'Calcium_chloride', 'Carbon_dioxide', 'Copper%28I%29_chloride', 'Cyanocobalamin', 'Edible_salt', 'Ethanol', 'Folic_acid', 'Formic_acid', 'Gold%28III%29_chloride', 'Hydrochloric_acid', 'Hydrogen_peroxide', 'Ice', 'Iron%28III%29_chloride', 'Lead%28II%29_nitrate', 'Lithium_aluminium_hydride', 'Material_properties_of_diamond', 'Menthol', 'Morphine', 'Natural_gas', 'Ozone', 'Phosphorus_tribromide', 'Phosphorus_trichloride', 'Phosphoryl_chloride', 'Potassium_iodide', 'Potassium_nitrate', 'Raney_nickel', 'Rhodium%28III%29_chloride', 'Salt', 'Sodium_hydroxide', 'Sodium_sulfate', 'Sulfuric_acid', 'Tin%28II%29_chloride', 'Toluene', 'Zinc_chloride']"
26,subject.Citizenship.Environment,"['Acid_rain', 'Biodiesel', 'Biodiversity', 'Biofuel', 'Coal', 'Environmental_science', 'Ethics', 'Evolutionarily_stable_strategy', 'Extinction', 'Fossil_fuel', 'Global_spread_of_H5N1', 'Global_warming', 'Invasive_species', 'Irrigation', 'Kyoto_Protocol', 'Ozone_depletion', 'Pollinator_decline', 'Pollution', 'Rainforest', 'Recycling', 'Sea_level_rise', 'Smog', 'Sustainable_forestry', 'Waste_management', 'Wood_fuel', 'World_Heritage_Site']"
65,subject.Geography.General_Geography,"['Acid_rain', 'Aral_Sea', 'Arctic', 'Arctic_Circle', 'Arctic_Ocean', 'Atlantic_Ocean', 'Baltic_Sea', 'Bay_of_Bengal', 'Black_Sea', 'Caribbean_Sea', 'Caspian_Sea', 'City', 'Climate', 'Continent', 'Country', 'Dead_Sea', 'English_Channel', 'Flag_of_Australia', 'Flag_of_Belarus', 'Flag_of_Hong_Kong', 'Flag_of_India', 'Flag_of_Mexico', 'Flag_of_South_Africa', 'Flag_of_the_Republic_of_China', 'Forest', 'Geography', 'Glacier', 'Global_city', 'Great_Lakes', 'Great_Salt_Lake', 'Gulf_of_Mexico', 'Hubbard_Glacier', 'Hudson_Bay', 'Ice_sheet', 'Indian_Ocean', 'Irrigation', 'Issyk_Kul', 'Lake_Baikal', 'Lake_Chad', 'Lake_Powell', 'Lake_Superior', 'Lake_Tahoe', 'Lake_Tanganyika', 'List_of_countries', 'List_of_lakes', 'List_of_rivers_by_length', 'List_of_sovereign_states', 'List_of_world%27s_largest_lakes', 'Map_projection', 'Mediterranean_Sea', 'Middle_East', 'Mount_Everest', 'North_Sea', 'Pacific_Ocean', 'Paleontology', 'Persian_Gulf', 'Red_Sea', 'Sea', 'Sea_of_Galilee', 'South_China_Sea', 'Southern_Ocean', 'Strait_of_Malacca', 'Time_zone', 'Tropics', 'Union_Flag']"
119,subject.Science.Chemistry.Chemical_elements,"['Actinium', 'Aluminium', 'Americium', 'Antimony', 'Argon', 'Arsenic', 'Astatine', 'Barium', 'Berkelium', 'Beryllium', 'Bismuth', 'Bohrium', 'Boron', 'Bromine', 'Cadmium', 'Caesium', 'Calcium', 'Californium', 'Carbon', 'Cerium', 'Chlorine', 'Chromium', 'Cobalt', 'Copper', 'Curium', 'Darmstadtium', 'Dubnium', 'Dysprosium', 'Einsteinium', 'Erbium', 'Europium', 'Fermium', 'Fluorine', 'Francium', 'Gadolinium', 'Gallium', 'Germanium', 'Gold', 'Hafnium', 'Hassium', 'Helium', 'Holmium', 'Hydrogen', 'Indium', 'Iodine', 'Iridium', 'Iron', 'Krypton', 'Lanthanum', 'Lawrencium', 'Lead', 'List_of_elements_by_name', 'Lithium', 'Lutetium', 'Magnesium', 'Manganese', 'Meitnerium', 'Mendelevium', 'Mercury_%28element%29', 'Molybdenum', 'Neodymium', 'Neon', 'Neptunium', 'Nickel', 'Niobium', 'Nitrogen', 'Nobelium', 'Osmium', 'Oxygen', 'Palladium', 'Periodic_table_%28large_version%29', 'Phosphorus', 'Platinum', 'Plutonium', 'Polonium', 'Potassium', 'Praseodymium', 'Promethium', 'Protactinium', 'Radium', 'Radon', 'Rhenium', 'Rhodium', 'Roentgenium', 'Rubidium', 'Ruthenium', 'Rutherfordium', 'Samarium', 'Scandium', 'Seaborgium', 'Selenium', 'Silicon', 'Silver', 'Sodium', 'Strontium', 'Sulfur', 'Tantalum', 'Technetium', 'Tellurium', 'Terbium', 'Thallium', 'Thorium', 'Thulium', 'Tin', 'Titanium', 'Tungsten', 'Ununbium', 'Ununhexium', 'Ununoctium', 'Ununpentium', 'Ununquadium', 'Ununtrium', 'Uranium', 'Vanadium', 'Xenon', 'Ytterbium', 'Yttrium', 'Zinc', 'Zirconium']"
51,subject.Science.Biology.General_Biology,"['Action_potential', 'Alternation_of_generations', 'Anatomy', 'Animal', 'Aquarium', 'Arp2_3_complex', 'Arthropod', 'Binomial_nomenclature', 'Biodiversity', 'Bioinformatics', 'Biology', 'Biotechnology', 'Brain', 'Carnivore', 'Cell_%28biology%29', 'Cerebellum', 'Chemical_synapse', 'Chromatophore', 'Cultivar', 'DNA', 'DNA_repair', 'Ecology', 'Essential_oil', 'Extinction', 'Fauna_of_Australia', 'Genetic_code', 'Genetics', 'Herbivore', 'Life', 'Mitochondrion', 'Multiple_sequence_alignment', 'Myco-heterotrophy', 'Nature', 'Nitrogen_cycle', 'Nitrogen_fixation', 'Organism', 'Photosynthesis', 'Photosynthetic_reaction_centre', 'Plant', 'Plant_cell', 'Polymerase_chain_reaction', 'Protein', 'Scientific_classification', 'Seed', 'Sequence_alignment', 'Stem_cell', 'The_Mismeasure_of_Man', 'Thorax', 'Vertebrate', 'Vestigial_structure', 'Virus']"
28,subject.Business_Studies.Economics,"['Actuary', 'Adam_Smith', 'Behavioral_finance', 'Bretton_Woods_system', 'Das_Kapital', 'Economic_inequality', 'Economics', 'Economy_of_Africa', 'Economy_of_India', 'Economy_of_Pakistan', 'Economy_of_Scotland', 'Economy_of_the_Iroquois', 'Economy_of_the_Republic_of_Ireland', 'Finance', 'Globalization', 'Gold_standard', 'Household_income_in_the_United_States', 'Income_disparity', 'John_Maynard_Keynes', 'Land_%28economics%29', 'Mercantilism', 'Minimum_wage', 'Organization', 'Stock', 'Supply_and_demand', 'Thomas_Malthus', 'World_Bank_Group', 'World_Trade_Organization']"
58,subject.Geography.Geography_of_Oceania_Australasia,"['Adelaide', 'American_Samoa', 'Argyle_diamond_mine', 'Auckland', 'Australia', 'Australian_constitutional_law', 'Baker_Island', 'Brisbane', 'Canberra', 'Caroline_Island', 'Christmas_Island', 'Cocos_%28Keeling%29_Islands', 'Cook_Islands', 'Darling_River', 'Federated_States_of_Micronesia', 'Fiji', 'French_Polynesia', 'Great_Barrier_Reef', 'Guam', 'Howland_Island', 'Jarvis_Island', 'Johnston_Atoll', 'Kingman_Reef', 'Kiribati', 'Lake_Burley_Griffin', 'List_of_Oceanian_countries', 'Marshall_Islands', 'Melbourne', 'Midway_Atoll', 'Mount_Osmond%2C_South_Australia', 'Murray_River', 'Nauru', 'New_Caledonia', 'New_Zealand', 'Niue', 'Norfolk_Island', 'Northern_Mariana_Islands', 'Oceania', 'Palau', 'Palmyra_Atoll', 'Papua_New_Guinea', 'Perth%2C_Western_Australia', 'Pitcairn_Islands', 'Samoa', 'Solomon_Islands', 'Summer_Hill%2C_New_South_Wales', 'Sydney', 'The_Catlins', 'Tokelau', 'Tonga', 'Tuvalu', 'Ulawun', 'Uluru', 'Vanuatu', 'Wake_Island', 'Wallis_and_Futuna', 'Wellington', 'Yarralumla%2C_Australian_Capital_Territory']"
39,subject.People.Religious_figures_and_leaders,"['Adi_Shankara', 'Annibale_Bugnini', 'Archbishop_of_Canterbury', 'Augustine_of_Hippo', 'Buddha', 'Columba', 'Desmond_Tutu', 'Edward_the_Confessor', 'Francis_of_Assisi', 'Gautama_Buddha', 'George_Fox', 'Hilda_of_Whitby', 'Ibn_Battuta', 'Isaac', 'Jesus', 'Jocelin', 'John_A.T._Robinson', 'John_Calvin', 'John_Sentamu', 'List_of_popes', 'Lope_de_Barrientos', 'Malcolm_X', 'Marcel_Lefebvre', 'Martin_Luther', 'Michael_Ramsey', 'Mother_Teresa', 'Muhammad', 'Nostradamus', 'Paul_of_Tarsus', 'Pope_Benedict_XVI', 'Pope_John_Paul_II', 'Pope_Pius_XII', 'Rowan_Williams', 'Tenzin_Gyatso%2C_14th_Dalai_Lama', 'Thomas_Aquinas', 'Thomas_Becket', 'Thomas_Cranmer', 'Thomas_More', 'Zoroaster']"
67,subject.People.Political_People,"['Adolf_Hitler', 'Andrew_Dickson_White', 'Ariel_Sharon', 'Armia_Krajowa', 'Ayaan_Hirsi_Ali', 'Barack_Obama', 'Benito_Mussolini', 'Benjamin_Disraeli%2C_1st_Earl_of_Beaconsfield', 'Bill_Clinton', 'Boyle_Roche', 'Condoleezza_Rice', 'Cyrus_K._Holliday', 'Daniel_Ellsberg', 'David_Blanchflower', 'David_Cameron', 'David_Heymann', 'Earl_of_Shaftesbury', 'Edmund_Burke', 'Elizabeth_Fry', 'Elizabeth_II_of_the_United_Kingdom', 'Eva_Per%C3%B3n', 'Fidel_Castro', 'Frederick_Douglass', 'Frederick_Hamilton-Temple-Blackwood%2C_1st_Marquess_of_Dufferin_and_Ava', 'Gordon_Brown', 'Haji_Mohammad_Suharto', 'Harold_Macmillan', 'Harold_Wilson', 'Hirohito', 'Ho_Chi_Minh', 'Indira_Gandhi', 'James_Callaghan', 'James_Garfield', 'John_Henninger_Reagan', 'John_Howard', 'John_Marshall', 'John_W._Johnston', 'Joseph_Stalin', 'Karl_Marx', 'Kofi_Annan', 'Leon_Trotsky', 'Louis_Freeh', 'Mahatma_Gandhi', 'Mahmoud_Abbas', 'Mao_Zedong', 'Margaret_Sanger', 'Margaret_Thatcher', 'Martin_Luther_King%2C_Jr.', 'Mikhail_Gorbachev', 'Muhammad_Ali_Jinnah', 'Nelson_Mandela', 'Ollanta_Humala', 'Osama_bin_Laden', 'Ralph_Nader', 'Robert_Gascoyne-Cecil%2C_3rd_Marquess_of_Salisbury', 'Robert_Owen', 'Stanley_Baldwin', 'Stephen_Harper', 'Sun_Yat-sen', 'Tony_Blair', 'Vladimir_Lenin', 'William_Ewart_Gladstone', 'William_Howard_Taft', 'William_Pitt_the_Younger', 'Winston_Churchill', 'Zachary_Taylor', 'Zionism']"
17,subject.Language_and_literature.Literature_types,"['African_American_literature', 'Anglo-Saxon_literature', 'Augustan_literature', 'Book', 'Cyberpunk', 'Fiction', 'Graphic_novel', 'Imagism', 'Medieval_literature', 'Mythology', 'Novel', 'Persian_literature', 'Poetry', 'Restoration_literature', 'Shigin', 'Theatre', 'Turkish_literature']"
161,subject.Science.Biology.Birds,"['African_Black_Oystercatcher', 'African_Darter', 'African_Grey_Hornbill', 'African_Grey_Parrot', 'African_Jacana', 'African_Penguin', 'Albatross', 'Amazon_parrot', 'Archaeopteryx', 'Arctic_Tern', 'Australian_Ringneck', 'Bald_Eagle', 'Barn_Owl', 'Bird', 'Bird_migration', 'Bird_of_prey', 'Black-winged_Stilt', 'Black_Robin', 'Blackbird', 'Blackcap', 'Blue_Jay', 'Blue_Tit', 'Booby', 'Canada_Goose', 'Cassowary', 'Chaffinch', 'Coal_Tit', 'Cockatiel', 'Common_Cuckoo', 'Common_Eider', 'Common_Pheasant', 'Common_Tern', 'Coot', 'Cormorant', 'Crimson-collared_Tanager', 'Crossbill', 'Crow', 'Dodo', 'Domesticated_turkey', 'Dove', 'Dunnock', 'Eagle', 'Elephant_bird', 'Elfin-woods_Warbler', 'Emperor_Penguin', 'Emu', 'Eurasian_Bullfinch', 'Eurasian_Collared_Dove', 'Eurasian_Eagle_Owl', 'Eurasian_Jay', 'Eurasian_Oystercatcher', 'European_Goldfinch', 'European_Greenfinch', 'European_Kingfisher', 'Extinct_birds', 'Falcon', 'Feather', 'Fieldfare', 'Firecrest', 'Flamingo', 'Galah', 'Gentoo_penguin', 'Goldcrest', 'Golden_Eagle', 'Goose', 'Great_Auk', 'Great_Black-backed_Gull', 'Great_Bustard', 'Great_Cormorant', 'Great_Crested_Grebe', 'Great_Spotted_Woodpecker', 'Great_Tit', 'Green_Woodpecker', 'Gull', 'Harrier_Hawk', 'Hawaiian_Goose', 'Hawfinch', 'Hawk', 'Helmeted_Guineafowl', 'Heron', 'Herring_Gull', 'House_Martin', 'House_Sparrow', 'Indian_Peafowl', 'Ivory-billed_Woodpecker', 'Jackdaw', 'Kakapo', 'Kakariki', 'Kestrel', 'Kite_%28bird%29', 'Kookaburra', 'Linnet', 'Long-billed_Vulture', 'Long-tailed_Tit', 'Magellanic_Penguin', 'Magpie', 'Mallard', 'Mistle_Thrush', 'Moorhen', 'Nightingale', 'Nuthatch', 'Osprey', 'Ostrich', 'Owl', 'Parrot', 'Passenger_Pigeon', 'Peafowl', 'Penguin', 'Peregrine_Falcon', 'Pied_Avocet', 'Pigeon', 'Pink_Pigeon', 'Plover', 'Pochard', 'Poultry', 'Puffin', 'Raven', 'Red_Kite', 'Redwing', 'Reed_Bunting', 'Reed_Warbler', 'Ringed_Plover', 'Rock_Bunting', 'Rock_Pigeon', 'Rook_%28bird%29', 'Rose-ringed_Parakeet', 'Saxicola', 'Shelduck', 'Skylark', 'Snow_Goose', 'Snowy_Owl', 'Song_Thrush', 'Southern_Rockhopper_Penguin', 'Sparrow', 'Sparrowhawk', 'Spix%27s_Macaw', 'Spotted_Flycatcher', 'Starling', 'Swallow', 'Swan', 'Swift', 'Tawny_Owl', 'Tern', 'Thrush_%28bird%29', 'Tiktaalik', 'Tree_Sparrow', 'Treecreeper', 'Tufted_Duck', 'Turkey_%28bird%29', 'Umbrella_Cockatoo', 'Vulture', 'Wader', 'White-tailed_Eagle', 'White_Wagtail', 'Whitethroat', 'Whooping_Crane', 'Wigeon', 'Wood_Pigeon', 'Woodpecker', 'Wren', 'Yellowhammer']"
97,subject.Citizenship.Politics_and_government,"['African_Union', 'Al_Jazeera', 'Anarcho-capitalism', 'Arab_League', 'Autocracy', 'British_House_of_Commons', 'British_monarchy', 'Canadian_House_of_Commons', 'Canadian_Senate', 'Capital', 'Capitalism', 'Citizenship', 'Civil_society', 'Communism', 'Constitutional_monarchy', 'Criticism_of_the_War_on_Terrorism', 'Crown_Jewels_of_the_United_Kingdom', 'Democracy', 'Democratic_Action_Party', 'Despotism', 'Directive_Principles_in_India', 'ECHELON', 'Election', 'Emirate', 'European_Parliament', 'European_Union', 'Euston_Manifesto', 'Evolutionarily_stable_strategy', 'FairTax', 'Fascism', 'Fundamental_Rights_in_India', 'Global', 'Government', 'Government_of_France', 'Great_Britain', 'Hello_Garci_scandal', 'History_of_democracy', 'House_of_Lords', 'Indian_independence_movement', 'International_Red_Cross_and_Red_Crescent_Movement', 'Islamic_republic', 'Juvenile_delinquency', 'Ku_Klux_Klan', 'League_of_Nations', 'Liberal_Democrats', 'Liberal_democracy', 'Liberalism', 'Libertarianism', 'Library_of_Congress', 'List_of_countries_by_system_of_government', 'Local_community', 'Local_government_in_the_United_Kingdom', 'Marxism', 'Mercantilism', 'Military_dictatorship', 'Monarchies_in_the_European_Union', 'Monarchy', 'NATO', 'Nationalism', 'Oligarchy', 'Parliament_of_Canada', 'Parliament_of_Malaysia', 'Parliament_of_the_United_Kingdom', 'Parliamentary_system', 'Police_state', 'Political_economy', 'Political_science', 'Politics', 'Politics_of_the_United_Kingdom', 'Portuguese_Communist_Party', 'President_of_the_United_States', 'Prime_Minister_of_the_United_Kingdom', 'Principality', 'Privy_Council_of_the_United_Kingdom', 'Propaganda', 'Property', 'Revolution', 'Senate_of_Canada', 'Social_capital', 'Social_contract_%28Malaysia%29', 'Socialism', 'Society', 'Sociology', 'Speaker_of_the_British_House_of_Commons', 'Speaker_of_the_United_States_House_of_Representatives', 'Suffrage', 'Sultan', 'Swiss_Federal_Council', 'Terrorism', 'Trade_union', 'United_Nations', 'United_States_Congress', 'United_States_House_of_Representatives', 'United_States_Senate', 'United_for_Peace_and_Justice', 'Voting', 'Westminster_System']"
72,subject.Science.Biology.Insects_Reptiles_and_Fish,"['African_clawed_frog', 'African_dwarf_frog', 'Alligator', 'Anaconda', 'Angel_shark', 'Ant', 'Antarctic_krill', 'Antlion', 'Aphid', 'Asp_%28reptile%29', 'Atlantic_herring', 'Australian_Green_Tree_Frog', 'Barracuda', 'Basking_shark', 'Bass_%28fish%29', 'Bedbug', 'Bee', 'Beetle', 'Black_widow_spider', 'Blacktip_reef_shark', 'Blue_shark', 'Boa', 'Brown_trout', 'Bull_shark', 'Cane_Toad', 'Chordate', 'Coccinellidae', 'Cochineal', 'Coconut_crab', 'Cod', 'Common_Basilisk', 'Cookiecutter_shark', 'Crocodile', 'Desert_locust', 'Drosophila_melanogaster', 'Esox', 'Fish', 'Frog', 'Fugu', 'Ganges_shark', 'Goldfish', 'Gray_reef_shark', 'Great_hammerhead', 'Great_white_shark', 'Halfbeak', 'Honey_bee', 'Hymenoptera', 'Insect', 'Krill', 'Marginated_Tortoise', 'Myxobolus_cerebralis', 'Nurse_sharks', 'Reptile', 'San_Francisco_garter_snake', 'Sand_shark', 'Sauropsid', 'Shark', 'Shrimp_farm', 'Spider', 'Stag_beetle', 'Stickleback', 'Stingray', 'Tiger_shark', 'Trapdoor_spider', 'Trout', 'Tuatara', 'Tuna', 'Turtle', 'Wasp', 'Whale_shark', 'White%27s_Tree_Frog', 'Zebra_shark']"
47,subject.Language_and_literature.Languages,"['Afrikaans', 'American_English', 'Arabic_language', 'Australian_English', 'Bench_language', 'Berber_languages', 'Brabantian', 'British_English', 'Canadian_English', 'Chinese_language', 'Dutch_language', 'East_Flemish', 'English_language', 'Esperanto', 'Flemish_%28linguistics%29', 'French_language', 'Fur_language', 'German_language', 'Hebrew_language', 'Hindi', 'Hollandic', 'Indonesian_language', 'International_English', 'Language', 'Latin', 'Logba_language', 'Nahuatl_language', 'Nobiin_language', 'Old_English_language', 'Old_Nubian_language', 'Phla-Pher%C3%A1_languages', 'Portuguese_language', 'Russian_language', 'Sanskrit', 'Scots_language', 'Scottish_Gaelic_language', 'Senufo_languages', 'Shabo_language', 'Soddo_language', 'Spanish_language', 'Sudanic_languages', 'Tagoi_language', 'Tamil_language', 'Vulgar_Latin', 'West_Flemish', 'Weyto_language', 'Zuid-Gelders']"
24,subject.Religion.Philosophy,"['Age_of_Enlightenment', 'Agnosticism', 'Analytical_Marxism', 'Anarchism', 'Atheism', 'Confucianism', 'Consolation_of_Philosophy', 'Dualism_%28philosophy_of_mind%29', 'Eliminative_materialism', 'Empiricism', 'Ethics', 'Existentialism', 'Humanism', 'Kohlberg%27s_stages_of_moral_development', 'Logic', 'Mind', 'Mysticism', 'Philosophy', 'Philosophy_of_mind', 'Political_philosophy', 'Stoicism', 'Tao_Te_Ching', 'Taoism', 'Utilitarianism']"
21,subject.IT.Websites_and_the_Internet,"['Aggregator', 'All_your_base_are_belong_to_us', 'GNU', 'GNU_Linux_naming_controversy', 'Gmail', 'Google', 'HTTP_cookie', 'History_of_the_Internet', 'Internet', 'Napster', 'Open_source', 'Phishing', 'Podcasting', 'Spyware', 'Wikimedia_Foundation', 'Wikinews', 'Wikipedia', 'Wikipedia_Text_of_the_GNU_Free_Documentation_License', 'Wikisource', 'Wikispecies', 'World_Wide_Web']"
97,subject.Everyday_life.Food_and_agriculture,"['Agriculture', 'Almond', 'Apple', 'Apricot', 'Arable_land', 'Arugula', 'Asparagus', 'Avocado', 'Banana', 'Barley', 'Basil', 'Bean', 'Beekeeping', 'Beet', 'Black_pepper', 'Bran', 'Bread', 'Butter', 'Canola', 'Carrot', 'Cattle', 'Celeriac', 'Celery', 'Cereal', 'Cheese', 'Chicken', 'Chives', 'Chocolate', 'Citrus', 'Cocoa', 'Coconut', 'Coconut_oil', 'Common_Pheasant', 'Coriander', 'Corn_oil', 'Cultivar', 'Cymbopogon', 'Domestic_goat', 'Durian', 'Egg_%28food%29', 'Fatty_acid', 'Fennel', 'Fertilizer', 'Fishing', 'Foie_gras', 'Food', 'Fruit', 'Grape_seed_oil', 'Harvest', 'Honey', 'Juniper_berry', 'Kaffir_lime', 'Lemon', 'Lettuce', 'List_of_essential_oils', 'List_of_vegetable_oils', 'Long_pepper', 'Mango', 'Marjoram', 'Meat', 'Mustard_seed', 'Nutmeg', 'Olive_oil', 'Onion', 'Oregano', 'Palm_oil', 'Paprika', 'Parsley', 'Parsnip', 'Pea', 'Peanut', 'Pig', 'Plum', 'Potato', 'Pumpkin', 'Radish', 'Rhubarb', 'Rice', 'Saffron', 'Sesame', 'Sichuan_Pepper', 'Soil_profile', 'Soybean', 'Star_anise', 'Sugar', 'Sugar_beet', 'Sugarcane', 'Thiamine', 'Tofu', 'Turmeric', 'Vanilla', 'Vegetable', 'Vitamin', 'Vitamin_C', 'Vitamin_D', 'Wheat', 'Yeast']"
24,subject.Design_and_Technology.Air_and_Sea_transport,"['Airbus', 'Airbus_A380', 'Aircraft', 'Aircraft_carrier', 'Airship', 'Avro_Lancaster', 'Betelgeuse_incident', 'Boat', 'Boeing_747', 'Concorde', 'Douglas_DC-4', 'F-35_Lightning_II', 'F-4_Phantom_II', 'HMS_E18', 'Hot_air_balloon', 'Hovercraft', 'Longship', 'Panama_Canal', 'SR-71_Blackbird', 'Saint_Lawrence_Seaway', 'Ship', 'Suez_Canal', 'Supermarine_Spitfire', 'Winfield_Scott_%28ship%29']"
15,subject.IT.Computer_Programming,"['Ajax_%28programming%29', 'BASIC', 'C%2B%2B', 'Computer_programming', 'Computer_science', 'Forth', 'Functional_programming', 'GNU_Project', 'Imperative_programming', 'Markup_language', 'Perl', 'Programming_language', 'Python_%28programming_language%29', 'RSS_%28file_format%29', 'Scheme_programming_language']"
8,subject.People.Producers_directors_and_media_figures,"['Akira_Kurosawa', 'Alfred_Hitchcock', 'Arnold_Schwarzenegger', 'David_Attenborough', 'Gordon_Griffith', 'James_T._Aubrey%2C_Jr.', 'Sydney_Newman', 'Walt_Disney']"
11,subject.Citizenship.Media,"['Al_Jazeera', 'BBC', 'Broadcasting', 'Communication', 'History_of_the_Internet', 'Internet', 'Mass_media', 'Newspaper', 'Publishing', 'The_Wall_Street_Journal', 'Video']"
59,subject.Science.Biology.Dinosaurs,"['Alamosaurus', 'Albertosaurus', 'Allosaurus', 'Ammosaurus', 'Ankylosaurus', 'Antarctosaurus', 'Apatosaurus', 'Brachiosaurus', 'Camarasaurus', 'Ceratopsidae', 'Compsognathus', 'Deinonychus', 'Dilophosaurus', 'Dimetrodon', 'Dinosaur', 'Diplodocus', 'Eustreptospondylus', 'Gallimimus', 'Giganotosaurus', 'Herrerasaurus', 'Hypsilophodon', 'Ichthyosaur', 'Iguanodon', 'Indricotherium', 'Lesothosaurus', 'Maiasaura', 'Mamenchisaurus', 'Mammoth', 'Massospondylus', 'Microraptor', 'Minmi_%28dinosaur%29', 'Monoclonius', 'Muttaburrasaurus', 'Ornithischia', 'Oviraptor', 'Pachycephalosaurus', 'Parasaurolophus', 'Pelycosaur', 'Plateosaurus', 'Plesiosaur', 'Protoceratops', 'Psittacosaurus', 'Pterosaur', 'Saltasaurus', 'Saurischia', 'Sauropodomorpha', 'Sauroposeidon', 'Scelidosaurus', 'Spinosaurus', 'Stegosaurus', 'Struthiomimus', 'Styracosaurus', 'Therizinosaurus', 'Theropoda', 'Titanosauridae', 'Triceratops', 'Troodon', 'Tyrannosaurus', 'Velociraptor']"
15,subject.People.Mathematicians,"['Alan_Turing', 'Albrecht_D%C3%BCrer', 'Archimedes', 'Blaise_Pascal', 'Carl_Friedrich_Gauss', 'David_Hilbert', 'Edmond_Halley', 'Euclid', 'Georg_Cantor', 'Gottfried_Leibniz', 'John_Dee', 'John_von_Neumann', 'Leonhard_Euler', 'Pythagoras', 'William_Thomson%2C_1st_Baron_Kelvin']"
21,subject.People.Astronomers_and_physicists,"['Albert_Einstein', 'Benjamin_Franklin', 'Carl_Sagan', 'E._P._Wigner', 'Edward_Teller', 'Galileo_Galilei', 'Isaac_Newton', 'James_Clerk_Maxwell', 'James_Watt', 'Johannes_Kepler', 'Max_Planck', 'Muhammad_ibn_Musa_al-Khwarizmi', 'Nicolaus_Copernicus', 'Niels_Bohr', 'Nikola_Tesla', 'Paul_Dirac', 'Ptolemy', 'Richard_Feynman', 'Robert_Oppenheimer', 'Stephen_Hawking', 'Tycho_Brahe']"
25,subject.People.Engineers_and_inventors,"['Alberto_Santos-Dumont', 'Alexander_Graham_Bell', 'Andrew_Carnegie', 'Buckminster_Fuller', 'Cai_Lun', 'Christopher_Wren', 'Ernest_Rutherford', 'Galileo_Galilei', 'Glynn_Lunney', 'Guglielmo_Marconi', 'Gustavus_Franklin_Swift', 'Henry_Ford', 'Henry_Morrison_Flagler', 'Isambard_Kingdom_Brunel', 'J._J._Thomson', 'James_Watt', 'Johannes_Gutenberg', 'John_Flamsteed', 'John_Logie_Baird', 'Karl_Benz', 'Leonardo_da_Vinci', 'Nikola_Tesla', 'Thomas_Edison', 'Wernher_von_Braun', 'Wright_brothers']"
27,subject.History.Pre_1900_Military,"['Albigensian_Crusade', 'American_Civil_War', 'American_Revolutionary_War', 'Battle_of_Alesia', 'Battle_of_Austerlitz', 'Battle_of_Badr', 'Battle_of_Bicocca', 'Battle_of_Cannae', 'Battle_of_Gettysburg', 'Battle_of_Grunwald', 'Battle_of_Sitka', 'Battle_of_Vaslui', 'Battle_of_the_Little_Bighorn', 'Corinthian_War', 'Crimean_War', 'Crusades', 'First_Crusade', 'First_Macedonian_War', 'German_Crusade%2C_1096', 'Greek_War_of_Independence', 'Italian_War_of_1521', 'Napoleonic_Wars', 'Polish%E2%80%93Muscovite_War_%281605%E2%80%931618%29', 'Polish-Muscovite_War_%281605%E2%80%931618%29', 'Second_Boer_War', 'War_of_the_League_of_Cambrai', 'War_of_the_Spanish_Succession']"
19,subject.Religion.Religious_disputes,"['Albigensian_Crusade', 'Apostolic_Succession', 'Children%27s_Crusade', 'Chinese_Rites_controversy', 'Creation-evolution_controversy', 'Creationism', 'Crusades', 'East-West_Schism', 'First_Crusade', 'Flat_Earth', 'German_Crusade%2C_1096', 'Heliocentrism', 'Idolatry', 'Opus_Dei', 'Ordination_of_women', 'Second_Crusade', 'Shroud_of_Turin', 'Spanish_Inquisition', 'Swastika']"
21,subject.Science.Chemistry.General_Chemistry,"['Alchemy', 'Alcohol', 'Atom', 'Chemical_element', 'Chemistry', 'Computational_chemistry', 'Enzyme_kinetics', 'Fire', 'Gunpowder', 'List_of_elements_by_name', 'Metal', 'Nitrification', 'Nitrogen_cycle', 'Nitrogen_fixation', 'Periodic_table', 'Quantum_chemistry', 'Thiamine', 'Vacutainer', 'Vitamin', 'Vitamin_C', 'Vitamin_D']"
22,subject.People.Military_People,"['Aleksandr_Vasilevsky', 'Alexander_the_Great', 'Alfred_the_Great', 'Arthur_Ernest_Percival', 'Arthur_Wellesley%2C_1st_Duke_of_Wellington', 'Attila_the_Hun', 'Epaminondas', 'Georg_von_Boeselager', 'George_Thomas_Coker', 'Horatio_Nelson%2C_1st_Viscount_Nelson', 'Humbert_Roque_Versace', 'Husein_Grada%C5%A1%C4%8Devi%C4%87', 'Isaac_Brock', 'Joan_of_Arc', 'John_Pershing', 'Pedro_del_Valle', 'Pericles', 'Reza_Shah', 'Thrasybulus', 'Ulysses_S._Grant', 'Vernon_Kell', 'William_Tecumseh_Sherman']"
8,subject.People.Chemists,"['Alfred_Nobel', 'Antoine_Lavoisier', 'Dmitri_Mendeleev', 'Humphry_Davy', 'Linus_Pauling', 'Marie_Curie', 'Michael_Faraday', 'Robert_Boyle']"
43,subject.People.Monarchs_of_Great_Britain,"['Alfred_the_Great', 'Anne_of_Great_Britain', 'Canute_the_Great', 'Charles_II_of_England', 'Charles_I_of_England', 'Edward_II_of_England', 'Edward_IV_of_England', 'Edward_I_of_England', 'Edward_VIII_of_the_United_Kingdom', 'Edward_VII_of_the_United_Kingdom', 'Edward_the_Confessor', 'Elizabeth_I_of_England', 'George_III_of_the_United_Kingdom', 'George_II_of_Great_Britain', 'George_IV_of_the_United_Kingdom', 'George_I_of_Great_Britain', 'George_VI_of_the_United_Kingdom', 'George_V_of_the_United_Kingdom', 'Henry_III_of_England', 'Henry_II_of_England', 'Henry_IV_of_England', 'Henry_I_of_England', 'Henry_VIII_of_England', 'Henry_VII_of_England', 'Henry_VI_of_England', 'Henry_V_of_England', 'James_II_of_England', 'James_I_of_England', 'John_of_England', 'List_of_monarchs_in_the_British_Isles', 'Macbeth_of_Scotland', 'Mary_II_of_England', 'Mary_I_of_England', 'Mary_I_of_Scotland', 'Oliver_Cromwell', 'Richard_III_of_England', 'Richard_II_of_England', 'Richard_I_of_England', 'William_III_of_England', 'William_II_of_England', 'William_IV_of_the_United_Kingdom', 'William_I_of_England', 'William_and_Mary']"
57,subject.Geography.African_Geography.African_Countries,"['Algeria', 'Angola', 'Benin', 'Botswana', 'Burkina_Faso', 'Burundi', 'C%C3%B4te_d%27Ivoire', 'Cameroon', 'Cape_Verde', 'Central_African_Republic', 'Chad', 'Comoros', 'Democratic_Republic_of_the_Congo', 'Djibouti', 'Egypt', 'Equatorial_Guinea', 'Eritrea', 'Ethiopia', 'Gabon', 'Ghana', 'Guinea', 'Guinea-Bissau', 'Kenya', 'Lesotho', 'Liberia', 'Libya', 'Madagascar', 'Malawi', 'Mali', 'Mauritania', 'Mauritius', 'Mayotte', 'Morocco', 'Mozambique', 'Namibia', 'Niger', 'Nigeria', 'R%C3%A9union', 'Republic_of_the_Congo', 'Rwanda', 'S%C3%A3o_Tom%C3%A9_and_Pr%C3%ADncipe', 'Saint_Helena', 'Senegal', 'Seychelles', 'Sierra_Leone', 'Somalia', 'South_Africa', 'Sudan', 'Swaziland', 'Tanzania', 'The_Gambia', 'Togo', 'Tunisia', 'Uganda', 'Western_Sahara', 'Zambia', 'Zimbabwe']"
16,subject.Everyday_life.Sports_teams,"['All_Blacks', 'Arsenal_F.C.', 'Boston_RFC', 'Brabham', 'Celtic_F.C.', 'Chelsea_F.C.', 'Chicago_Bears', 'Dundee_United_F.C.', 'Harlem_Globetrotters', 'History_of_the_West_Indian_cricket_team', 'Indian_cricket_team', 'Liverpool_F.C.', 'Manchester_United_F.C.', 'New_England_Patriots', 'Tottenham_Hotspur_F.C.', 'United_Kingdom_national_football_team']"
18,subject.Music.Musical_Recordings_and_compositions,"['All_You_Need_Is_Love_%28The_JAMs_song%29', 'Beatles_for_Sale', 'Bohemian_Rhapsody', 'Hey_Jude', 'Himno_Nacional_Mexicano', 'I_Want_to_Hold_Your_Hand', 'Layla', 'Mixtape', 'National_Anthem_of_Russia', 'Nine_Million_Bicycles', 'Ray_of_Light', 'Sgt._Pepper%27s_Lonely_Hearts_Club_Band', 'The_Beatles_discography', 'The_Rite_of_Spring', 'Venus_and_Adonis_%28opera%29', 'Where_Did_Our_Love_Go', 'Whitney_Joins_The_JAMs', 'You%27re_Still_the_One']"
21,subject.Religion.Divinities,"['Allah', 'Apollo', 'Athena', 'Brahman', 'Capitoline_Triad', 'Deity', 'Ganesha', 'God', 'Isis', 'Jehovah', 'Jesus', 'Names_of_God_in_Judaism', 'Odin', 'Osiris', 'Quetzalcoatl', 'Rama', 'Thor', 'Trimurti', 'Trinity', 'Waheguru', 'Zeus']"
30,subject.Language_and_literature.Poetry_and_Opera,"['Alliterative_verse', 'Benjamin_Britten', 'Danny_Deever', 'Dido_and_Aeneas', 'English_poetry', 'Epic_of_Gilgamesh', 'George_Herbert', 'Giuseppe_Verdi', 'H%C3%A4nsel_und_Gretel', 'Irish_poetry', 'Joseph_and_the_Amazing_Technicolor_Dreamcoat', 'Kubla_Khan', 'Madama_Butterfly', 'Modernist_poetry_in_English', 'Opera', 'Peter_Grimes', 'Poetry', 'Poetry_of_the_United_States', 'Porgy_and_Bess', 'Ramayana', 'Richard_Wagner', 'Samuel_Taylor_Coleridge', 'The_Absent-Minded_Beggar', 'The_Cantos', 'The_Fairy-Queen', 'The_Magic_Flute', 'The_Marriage_of_Figaro', 'The_Rime_of_the_Ancient_Mariner', 'The_Waste_Land', 'Wolfgang_Amadeus_Mozart']"
69,subject.Geography.Geography_of_Asia,"['Almaty', 'Amur', 'Andriyivskyy_Descent', 'Asia', 'Avacha_Volcano', 'Bangalore', 'Bangkok', 'Beijing', 'Chennai', 'Chinyingi', 'Colombo', 'Delhi', 'Diego_Garcia', 'Ganges_River', 'Gangtok', 'Geography_of_India', 'Goa', 'Grand_Canal_of_China', 'Guangzhou', 'Gyeongju', 'Hanoi', 'Himalayas', 'Ho_Chi_Minh_City', 'Indian_Standard_Time', 'Indus_River', 'Isan', 'Jakarta', 'Karachi', 'Kashmir_region', 'Kerala', 'Kochi_%28India%29', 'Kolkata', 'Koryaksky', 'Krakatoa', 'Kuala_Lumpur', 'Lake_Toba', 'Lake_Vostok', 'Lhasa', 'List_of_Asian_countries', 'Macau', 'Malwa_%28Madhya_Pradesh%29', 'Manila', 'Mekong', 'Mongolia', 'Mount_Everest', 'Mount_Pinatubo', 'Mount_Unzen', 'Mumbai', 'Nathu_La', 'Negros_Oriental', 'New_Delhi', 'Osaka', 'Patna', 'Pyongyang', 'Sakurajima', 'Seoul', 'Shanghai', 'Sikkim', 'Sumatra', 'Taipei', 'Taj_Mahal', 'Tashkent', 'Tigris', 'Tokyo', 'United_Malays_National_Organisation', 'Varanasi', 'Yangtze_River', 'Yellow_River', 'Yenisei_River']"
15,subject.Language_and_literature.Linguistics,"['Alphabet', 'Flemish_dialects', 'High_German_consonant_shift', 'Japanese_grammar', 'Kigo', 'Latin_alphabet', 'Linguistics', 'Noam_Chomsky', 'Scanian_%28linguistics%29', 'Split_infinitive', 'Stuttering', 'Technology', 'Theta', 'Vowel', 'Writing']"
74,subject.Design_and_Technology.Engineering,"['Alternating_current', 'Automated_teller_machine', 'Axe', 'Binoculars', 'Biodiesel', 'Bluetooth', 'Bridge', 'Button', 'Canal', 'Chepstow_Bridge', 'Clifton_Suspension_Bridge', 'Clock', 'Contact_lens', 'Corrosion', 'Crash_test_dummy', 'Dam', 'Damascus_steel', 'Domestic_AC_power_plugs_and_sockets', 'Eifel_Aqueduct', 'Electrical_engineering', 'Electron_beam_welding', 'Electronic_amplifier', 'Electronics', 'Engineering', 'Enigma_machine', 'Falkirk_Wheel', 'Fiberglass', 'Forth_Bridge_%28railway%29', 'Forth_Road_Bridge', 'Gas_metal_arc_welding', 'Gas_tungsten_arc_welding', 'Glasses', 'Hawk-Eye', 'Hoover_Dam', 'Hovercraft', 'IPod', 'ITunes', 'Jet_engine', 'Krag-J%C3%B8rgensen', 'Lightning_rod', 'London_sewerage_system', 'Microscope', 'Nuclear_power', 'Optical_microscope', 'Optical_telescope', 'Phonograph_cylinder', 'Photovoltaic_array', 'Radar', 'Radio', 'Radio_telescope', 'Screw', 'Semiconductor_device', 'Shielded_metal_arc_welding', 'Ship', 'Space_Shuttle_Challenger_disaster', 'Space_Shuttle_Columbia_disaster', 'Space_exploration', 'Steam_engine', 'Telecommunication', 'Telephone', 'Telephone_exchange', 'Telescope', 'Television', 'Three_Gorges_Dam', 'Three_Mile_Island_accident', 'Tower_Bridge', 'Transport', 'Typewriter', 'Watch', 'Weapon', 'Welding', 'Wood', 'Woodworking', 'Wrench']"
103,subject.Geography.North_American_Geography,"['Amarillo%2C_Texas', 'Ann_Arbor%2C_Michigan', 'Atlanta%2C_Georgia', 'Baltimore%2C_Maryland', 'Boston%2C_Massachusetts', 'Boundary_Waters_Canoe_Area_Wilderness', 'Bryce_Canyon_National_Park', 'Calgary', 'California', 'Canada', 'Carlsbad_Caverns_National_Park', 'Chicago', 'Cleveland%2C_Ohio', 'Colorado_River', 'Columbia_River', 'Columbus%2C_Ohio', 'Craters_of_the_Moon_National_Monument_and_Preserve', 'Dallas%2C_Texas', 'Death_Valley_National_Park', 'Denver%2C_Colorado', 'Detroit%2C_Michigan', 'Dewey_Square', 'Edmonton', 'Education_in_the_United_States', 'Erie_Canal', 'Florida', 'Geography_of_Texas', 'Glacier_National_Park_%28US%29', 'Goleta%2C_California', 'Gowanus_Canal', 'Grand_Canyon', 'Grand_Forks%2C_North_Dakota', 'Great_Rift_Valley', 'Greenland', 'Houston%2C_Texas', 'Hubbard_Glacier', 'Hurricane_Lenny', 'Kansas_City%2C_Missouri', 'Lake_Mead', 'Las_Vegas%2C_Nevada', 'List_of_Canadian_provinces_and_territories_by_area', 'List_of_North_American_countries', 'List_of_U.S._states_by_date_of_statehood', 'List_of_areas_in_the_National_Park_System_of_the_United_States', 'Los_Angeles%2C_California', 'Louisville%2C_Kentucky', 'Mackenzie_River', 'Malaspina_Glacier', 'Mammoth_Cave_National_Park', 'Mauna_Loa', 'Merrimack_River', 'Mexico', 'Mexico_City', 'Miami%2C_Florida', 'Michigan_State_University', 'Minneapolis%2C_Minnesota', 'Minnesota', 'Mississippi_River', 'Missouri_River', 'Montreal', 'Mount_Baker', 'Mount_Rainier', 'Mount_Rushmore', 'Mount_St._Helens', 'Nashville%2C_Tennessee', 'Navassa_Island', 'New_York_City', 'Newark%2C_New_Jersey', 'Niagara_Falls', 'North_America', 'Oregon', 'Ottawa', 'Philadelphia', 'Phoenix_Zoo', 'Redwood_National_and_State_Parks', 'Rhode_Island', 'Richmond%2C_Virginia', 'Rocky_Mountains', 'Saint-Pierre_and_Miquelon', 'Saint_Lawrence_Seaway', 'Salt_Lake_City%2C_Utah', 'San_Francisco%2C_California', 'San_Jose%2C_California', 'Seattle%2C_Washington', 'Shoshone_National_Forest', 'Southern_United_States', 'Tijuana', 'Toronto', 'U.S._Route_66', 'U.S._state', 'Union_Station_%28San_Diego%29', 'United_States', 'United_States_Virgin_Islands', 'University_of_Chicago', 'University_of_Texas_at_Austin', 'Vancouver', 'Wall_Street', 'Washington%2C_D.C.', 'Washington_Metro', 'Washington_streetcars', 'West_Virginia', 'Yellowstone_National_Park', 'Zion_National_Park']"
35,subject.Geography.Central_and_South_American_Geography,"['Amazon_Basin', 'Amazon_Rainforest', 'Amazon_River', 'Andes', 'Asunci%C3%B3n', 'Ateneo_de_Manila_University', 'Bogot%C3%A1', 'Bras%C3%ADlia', 'Buenos_Aires', 'Cape_Horn', 'Caracas', 'Colima_%28volcano%29', 'Cotopaxi', 'Crime_in_Mexico', 'El_Hatillo_Municipality%2C_Miranda', 'Georgetown%2C_Guyana', 'K%C4%ABlauea', 'La_Paz', 'Lake_Titicaca', 'Latin_America', 'Lima', 'List_of_South_American_countries', 'Machu_Picchu', 'Montevideo', 'Paricut%C3%ADn', 'Quito', 'Rio_de_Janeiro', 'S%C3%A3o_Paulo', 'Santamar%C3%ADa_%28volcano%29', 'Santiago%2C_Chile', 'South_America', 'Stanley%2C_Falkland_Islands', 'Sucre', 'Valpara%C3%ADso', 'Yungay%2C_Peru']"
17,subject.Geography.Mineralogy,"['Amber', 'Ammolite', 'Ammonite', 'Calcite', 'Coal', 'Corundum', 'Diamond', 'Feldspar', 'Granite', 'Gypsum', 'List_of_minerals', 'Mineral', 'Mohs_scale_of_mineral_hardness', 'Pyrite', 'Quartz', 'Talc', 'Turquoise']"
32,subject.Everyday_life.Sports,"['American_football', 'Athletics_%28track_and_field%29', 'Australian_rules_football', 'Auto_racing', 'Badminton', 'Baseball', 'Basketball', 'Canadian_football', 'Celtic_Park', 'Cricket', 'FIFA', 'Fencing', 'Football', 'Football_%28soccer%29', 'Formula_One', 'Gliding', 'Hardball_squash', 'Hawk-Eye', 'Ice_hockey', 'List_of_Test_cricket_triple_centuries', 'Netball', 'Real_tennis', 'Rugby_football', 'Skiing', 'Sport', 'Squash_%28sport%29', 'Sumo', 'Tennis', 'Triathlon', 'Volleyball', 'Water_polo', 'Wrestling']"
22,subject.Geography.Peoples,"['Amish', 'Anthropology', 'Azerbaijani_people', 'Black_Seminoles', 'Crimean_Karaites', 'Dayuan', 'Eskimo', 'Flemish_people', 'Hutu', 'Iranian_peoples', 'Irish_people', 'Jew', 'Khazars', 'Kipchaks_in_Georgia', 'Mandan', 'Mestizo', 'Moldovans', 'Pashtun_people', 'Picts', 'Tamil_people', 'Toraja', 'Tutsi']"
25,subject.People.Actors_models_and_celebrities,"['Andrew_Robinson', 'Bette_Davis', 'Brandon_Routh', 'Britney_Spears', 'Bruce_Lee', 'Charlie_Chaplin', 'Christian_Bale', 'Daniel_Day-Lewis', 'Diane_Keaton', 'Emma_Roberts', 'Evan_Rachel_Wood', 'Henry_Fonda', 'Henry_Rollins', 'Jake_Gyllenhaal', 'James_Stewart_%28actor%29', 'Jane_Fonda', 'Keira_Knightley', 'Kevin_Spacey', 'Laurence_Olivier', 'Miranda_Otto', 'Natalie_Portman', 'Sasha_%28DJ%29', 'Sean_Connery', 'Sharon_Tate', 'Vivien_Leigh']"
53,subject.Design_and_Technology.Architecture,"['Angkor_Wat', 'Architecture', 'Architecture_of_the_California_missions', 'BT_Tower', 'Basilica_of_San_Francesco_d%27Assisi', 'Basilica_of_Santa_Maria_degli_Angeli', 'Belton_House', 'Benjamin_Mountfort', 'Buckingham_Palace', 'Canterbury_Cathedral', 'Castra', 'Cathedral_of_Magdeburg', 'Christopher_Wren', 'Clifton_Suspension_Bridge', 'Colossus_of_Rhodes', 'Deconstructivism', 'Durham_Cathedral', 'Fort_de_Chartres', 'Francis_Petre', 'Frank_Lloyd_Wright', 'Giza_pyramid_complex', 'Grand_Central_Station_%28Chicago%29', 'Grand_Central_Terminal', 'Great_Pyramid_of_Giza', 'Great_Wall_of_China', 'Hadrian%27s_Wall', 'Holkham_Hall', 'House', 'IG_Farben_Building', 'Leaning_Tower_of_Pisa', 'London_Bridge', 'Mark_Twain_House', 'National_Gallery%2C_London', 'Onion_dome', 'Palace_of_Westminster', 'Palazzo_Pitti', 'Palladian_architecture', 'Parthenon', 'Pyramid', 'Rococo', 'Sandringham_House', 'Sanssouci', 'Shrine_of_Remembrance', 'Sicilian_Baroque', 'St_Paul%27s_Cathedral', 'Sunol_Water_Temple', 'Taj_Mahal', 'Templon', 'Theatre_Royal%2C_Drury_Lane', 'Tower_of_London', 'Westminster_Abbey', 'Windsor_Castle', 'Xanadu_House']"
48,subject.Geography.Central_and_South_American_Geography.Central_and_South_American_Countries,"['Anguilla', 'Antigua_and_Barbuda', 'Argentina', 'Aruba', 'Bahamas', 'Barbados', 'Belize', 'Bermuda', 'Bolivia', 'Brazil', 'British_Virgin_Islands', 'Cayman_Islands', 'Chile', 'Colombia', 'Costa_Rica', 'Cuba', 'Dominica', 'Dominican_Republic', 'Easter_Island', 'Ecuador', 'El_Salvador', 'Falkland_Islands', 'French_Guiana', 'Gal%C3%A1pagos_Islands', 'Grenada', 'Guadeloupe', 'Guatemala', 'Guyana', 'Haiti', 'Honduras', 'Jamaica', 'Martinique', 'Montserrat', 'Netherlands_Antilles', 'Nicaragua', 'Panama', 'Paraguay', 'Peru', 'Puerto_Rico', 'Saint_Kitts_and_Nevis', 'Saint_Lucia', 'Saint_Vincent_and_the_Grenadines', 'Suriname', 'The_Bahamas', 'Trinidad_and_Tobago', 'Turks_and_Caicos_Islands', 'Uruguay', 'Venezuela']"
17,subject.Citizenship.Animal_and_Human_Rights,"['Animal_law', 'Animal_rights', 'Children%27s_rights_movement', 'Civil_rights', 'Convention_on_the_International_Trade_in_Endangered_Species_of_Wild_Flora_and_Fauna', 'Convention_on_the_Rights_of_the_Child', 'Family', 'Garden_Gnome_Liberation_Front', 'Human_dignity', 'International_human_rights_instruments', 'List_of_animal_welfare_groups', 'Oppression', 'Poverty', 'Slavery', 'Suffrage', 'Women%27s_rights', 'Working_poor']"
26,subject.Everyday_life.Computer_and_Video_games,"['Animation', 'Civilization_%28computer_game%29', 'Computer_and_video_games', 'Doom', 'E.T._the_Extra-Terrestrial_%28Atari_2600%29', 'Empires__Dawn_of_the_Modern_World', 'Final_Fantasy_%28video_game%29', 'Final_Fantasy_Adventure', 'Jet_Set_Willy', 'Link_%28The_Legend_of_Zelda%29', 'Lone_Wolf_%28gamebooks%29', 'Mario', 'Mega_Man_X_%28character%29', 'Nintendo', 'Nintendo_DS', 'Nintendo_Entertainment_System', 'PONG', 'Pac-Man', 'SimCity', 'Sonic_the_Hedgehog_%28character%29', 'Space_Invaders', 'StarCraft', 'Star_Fox__Assault', 'Super_Mario_64', 'Super_Mario_Bros.', 'The_Legend_of_Zelda_series']"
36,subject.Everyday_life.Films,"['Animation', 'Ben-Hur_%281959_film%29', 'Bicycle_Thieves', 'Bionicle__Mask_of_Light', 'Blade_Runner', 'Casablanca_%28film%29', 'Cinema_of_the_United_States', 'Citizen_Kane', 'Clone_Wars_%28Star_Wars%29', 'Darth_Vader', 'Film', 'Forrest_Gump', 'Gone_with_the_Wind_%28film%29', 'Grease_%28film%29', 'Gremlins', 'James_Bond', 'Jaws_%28film%29', 'King_Kong_%281933_film%29', 'King_Kong_%282005_film%29', 'Lord_Voldemort', 'Obi-Wan_Kenobi', 'Ran_%28film%29', 'Scent_of_a_Woman', 'Serenity_%28film%29', 'Silent_film', 'Star_Trek', 'Star_Wars', 'Star_Wars_Episode_IV__A_New_Hope', 'Sunset_Boulevard_%281950_film%29', 'The_Godfather', 'The_Lion_King', 'The_Lord_of_the_Rings_film_trilogy', 'The_Shawshank_Redemption', 'Toy_Story', 'Triumph_of_the_Will', 'X-Men__The_Last_Stand']"
31,subject.History.World_War_II,"['Anschluss', 'Attack_on_Pearl_Harbor', 'Avro_Lancaster', 'Battle_of_France', 'Battle_of_Leyte_Gulf', 'Battle_of_Midway', 'Battle_of_Moscow', 'Battle_of_Normandy', 'Battle_of_Rennell_Island', 'Battle_of_Smolensk_%281943%29', 'Battle_of_Stalingrad', 'Battle_of_the_Bulge', 'Battle_of_the_Eastern_Solomons', 'Battle_of_the_Santa_Cruz_Islands', 'Benito_Mussolini', 'Blitzkrieg', 'Dixie_Mission', 'Erwin_Rommel', 'Georg_von_Boeselager', 'Japanese_war_crimes', 'Katyn_massacre', 'Luftwaffe', 'Marshall_Plan', 'Mauthausen-Gusen_concentration_camp', 'Naval_Battle_of_Guadalcanal', 'Nazi_Germany', 'Nazism', 'Raising_the_Flag_on_Iwo_Jima', 'Richard_O%27Connor', 'The_Holocaust', 'Weimar_Republic']"
8,subject.Geography.Antarctica,"['Antarctic_Treaty_System', 'Antarctica', 'Bouvet_Island', 'French_Southern_and_Antarctic_Lands', 'Heard_Island_and_McDonald_Islands', 'Polar_ice_cap', 'South_Georgia_and_the_South_Sandwich_Islands', 'Southern_Ocean']"
43,subject.People.Performers_and_composers,"['Anton%C3%ADn_Dvo%C5%99%C3%A1k', 'Antonio_Vivaldi', 'Benjamin_Britten', 'Billie_Holiday', 'Bob_Dylan', 'Bob_Marley', 'Bruce_Springsteen', 'Cat_Stevens', 'Celine_Dion', 'Christina_Aguilera', 'Elvis_Presley', 'Eric_Clapton', 'Felix_Mendelssohn', 'Fr%C3%A9d%C3%A9ric_Chopin', 'Franz_Schubert', 'Giuseppe_Verdi', 'Gustav_Holst', 'Henry_Purcell', 'Henry_Wood_%28conductor%29', 'Hugo_Wolf', 'Igor_Stravinsky', 'Johann_Pachelbel', 'Johann_Sebastian_Bach', 'Johannes_Ockeghem', 'Joseph_Haydn', 'Kurt_Cobain', 'Kylie_Minogue', 'Louis_Armstrong', 'Louis_Jordan', 'Ludwig_van_Beethoven', 'Marvin_Gaye', 'Miles_Davis', 'Neil_Young', 'Niccol%C3%B2_Paganini', 'Nikolai_Rimsky-Korsakov', 'Paul_McCartney', 'Pyotr_Ilyich_Tchaikovsky', 'Rebecca_Helferich_Clarke', 'Richard_Wagner', 'Robert_Schumann', 'Selena', 'Tupac_Shakur', 'Wolfgang_Amadeus_Mozart']"
33,subject.Science.Physics.Space_transport,"['Apollo_11', 'Apollo_8', 'Cape_Canaveral', 'Cassini-Huygens', 'European_Space_Agency', 'Exploration_of_Mars', 'Explorer_I', 'Hubble_Space_Telescope', 'International_Space_Station', 'Laika', 'Mars_Exploration_Rover', 'Mars_Reconnaissance_Orbiter', 'Mir', 'Moon_landing', 'Phoenix_%28spacecraft%29', 'Project_Vanguard', 'Saturn_V', 'Shenzhou_6', 'Shenzhou_spacecraft', 'Space_Shuttle_Challenger', 'Space_Shuttle_Challenger_disaster', 'Space_Shuttle_Columbia', 'Space_Shuttle_Columbia_disaster', 'Space_Shuttle_Endeavour', 'Space_Shuttle_program', 'Space_exploration', 'Space_station', 'Space_suit', 'Spacecraft_propulsion', 'Sputnik_1', 'Sputnik_2', 'Sputnik_program', 'Yuri_Gagarin']"
10,subject.Citizenship.Conflict_and_Peace,"['Arab-Israeli_conflict', 'Chadian-Sudanese_conflict', 'Conflict', 'International_Red_Cross_and_Red_Crescent_Movement', 'Lord%27s_Resistance_Army', 'Nobel_Peace_Prize', 'Peace', 'Peaceful_coexistence', 'Sri_Lankan_Civil_War', 'War_in_Somalia_%282006%E2%80%93present%29']"
16,subject.Language_and_literature.General_Literature,"['Aradia%2C_or_the_Gospel_of_the_Witches', 'Book_of_Kells', 'Encyclop%C3%A6dia_Britannica', 'Floris_and_Blancheflour', 'Hrafnkels_saga', 'Literature', 'Merseburg_Incantations', 'Ormulum', 'Peterborough_Chronicle', 'The_Cat_in_the_Hat', 'The_Famous_Five_%28characters%29', 'The_Illuminatus%21_Trilogy', 'Three_Laws_of_Robotics', 'Underground_%28stories%29', 'Voynich_manuscript', 'Yotsuya_Kaidan']"
11,subject.History.Archaeology,"['Archaeology', 'Egyptian_pyramids', 'Forensic_facial_reconstruction', 'Giza_pyramid_complex', 'Haraldsk%C3%A6r_Woman', 'Ishango_bone', 'Mummy', 'Oxyrhynchus', 'Rosetta_Stone', 'Sutton_Hoo', 'Sylvanus_Morley']"
23,subject.IT.Software,"['Architecture_of_Windows_NT', 'Bioinformatics', 'Btrieve', 'Emacs', 'Fedora_Core', 'GNU_Project', 'Internet_Explorer', 'Linux', 'Microsoft', 'Microsoft_Windows', 'Mozilla_Firefox', 'OpenBSD', 'OpenOffice.org', 'Speech_synthesis', 'TeX', 'Ubuntu_%28Linux_distribution%29', 'Unix', 'Windows_2000', 'Windows_Vista', 'Windows_XP', 'X_Window_System', 'X_Window_System_protocols_and_architecture', 'X_Window_core_protocol']"
23,subject.People.Philosophers,"['Aristotle', 'Baruch_Spinoza', 'Bertrand_Russell', 'Confucius', 'David_Hume', 'Emanuel_Swedenborg', 'Francis_Bacon', 'Friedrich_Nietzsche', 'Henry_David_Thoreau', 'Immanuel_Kant', 'Jean-Jacques_Rousseau', 'Jerry_Fodor', 'John_Locke', 'Karl_Popper', 'Laozi', 'Ludwig_Wittgenstein', 'Niccol%C3%B2_Machiavelli', 'Plato', 'Ren%C3%A9_Descartes', 'S%C3%B8ren_Kierkegaard', 'Socrates', 'Thomas_Hobbes', 'Thomas_Samuel_Kuhn']"
24,subject.History.British_History.British_History_17501900,"['Arthur_Sullivan', 'Arthur_Wellesley%2C_1st_Duke_of_Wellington', 'Atlantic_slave_trade', 'Benjamin_Disraeli%2C_1st_Earl_of_Beaconsfield', 'Boyle_Roche', 'Chartism', 'David_Livingstone', 'Elizabeth_Fry', 'England_expects_that_every_man_will_do_his_duty', 'Ernest_Rutherford', 'Florence_Nightingale', 'George_III_of_the_United_Kingdom', 'George_IV_of_the_United_Kingdom', 'Martello_tower', 'Mary_Seacole', 'Poor_Law', 'Robert_Owen', 'Robert_Peel', 'Robert_Stephenson', 'Romanticism', 'Scramble_for_Africa', 'The_Great_Exhibition', 'William_Gladstone', 'William_IV_of_the_United_Kingdom']"
21,subject.Everyday_life.Recreation,"['Astrology', 'Beekeeping', 'Cyclamen', 'Dance', 'Garden', 'Gardening', 'Genealogy', 'Gliding', 'Halloween', 'Heraldry', 'Lawn', 'Leisure', 'Library', 'Morris_dance', 'Park', 'Philately', 'Photography', 'Pond', 'Sand_art_and_play', 'Snake_charming', 'Sudoku']"
10,subject.History.Historians_chroniclers_and_history_books,"['Athanasius_Kircher', 'Bede', 'Benjamin_of_Tudela', 'Carolingian_Gospel_Book_%28British_Library%2C_MS_Add._11848%29', 'Edward_Gibbon', 'Herodotus', 'Josephus', 'Tacitean_studies', 'Thucydides', 'Yuri_Knorosov']"
23,subject.People.Human_Scientists,"['Athanasius_Kircher', 'Barbara_McClintock', 'Carl_Jung', 'Carolus_Linnaeus', 'Charles_Darwin', 'Claude_L%C3%A9vi-Strauss', 'Cyril_Clarke', 'Edward_Jenner', 'Florence_Nightingale', 'Frances_Oldham_Kelsey', 'Francis_Crick', 'Georg_Forster', 'Gregor_Mendel', 'Hippocrates', 'Idit_Harel_Caperton', 'James_D._Watson', 'Konrad_Lorenz', 'Louis_Pasteur', 'Max_Weber', 'Michael_Woodruff', 'Norman_Borlaug', 'Sigmund_Freud', 'William_Harvey']"
17,subject.Religion.Myths,"['Atlantis', 'Celtic_mythology', 'Creationism', 'Davy_Jones%27_Locker', 'Deluge_%28mythology%29', 'Flat_Earth', 'Folklore', 'Greek_mythology', 'Jupiter_%28mythology%29', 'Maya_mythology', 'Norse_mythology', 'Roman_mythology', 'Scottish_mythology', 'Slavic_mythology', 'Spring_Heeled_Jack', 'Vampire', 'Yeti']"
19,subject.Design_and_Technology.Road_transport,"['Automatic_number_plate_recognition', 'Automobile', 'Bicycle', 'Double-decker_bus', 'Driving_on_the_left_or_right', 'Forth_Road_Bridge', 'Lancia_Flaminia', 'Lincoln_%28automobile%29', 'Lincoln_Town_Car', 'M1_motorway', 'M25_motorway', 'M6_motorway', 'MINI_%28BMW%29', 'Mini', 'Simca_Vedette', 'The_Iron_Bridge', 'U.S._Route_66', 'United_States_Numbered_Highways', 'Washington_streetcars']"
38,subject.Geography.Climate_and_the_Weather,"['Autumn', 'Biosphere', 'Climate_change', 'Cloud', 'Desert', 'Drought', 'Earth%27s_atmosphere', 'Effects_of_global_warming', 'El_Ni%C3%B1o-Southern_Oscillation', 'Eye_%28cyclone%29', 'Flood', 'Glaciology', 'Global_warming', 'Greenhouse_effect', 'Ice_age', 'Meteorology', 'North_Atlantic_oscillation', 'Ozone', 'Ozone_depletion', 'Post-glacial_rebound', 'Rain', 'Rainbow', 'Retreat_of_glaciers_since_1850', 'Season', 'Snow', 'Snowball_Earth', 'Spring_%28season%29', 'Summer', 'Sunlight', 'Thunderstorm', 'Tide', 'Tornado', 'Water', 'Weather', 'Weather_forecasting', 'Weather_map', 'Wind', 'Winter']"
41,subject.Everyday_life.Television,"['Avatar__The_Last_Airbender', 'BBC', 'BBC_television_drama', 'Basil_Brush', 'Blue_Peter', 'Buffy_the_Vampire_Slayer', 'Cheers', 'Coronation_Street', 'Dad%27s_Army', 'Doctor_Who', 'EastEnders', 'Firefly_%28TV_series%29', 'Grange_Hill', 'Jackanory', 'Lost_%28TV_series%29', 'M%2AA%2AS%2AH_%28TV_series%29', 'Mass_media', 'Minstrel_show', 'Monty_Python', 'Morecambe_and_Wise', 'Neighbours', 'Newsround', 'One_Foot_in_the_Grave', 'Pop_Idol', 'Postman_Pat', 'Quatermass_and_the_Pit', 'Scooby-Doo', 'Seinfeld', 'Sesame_Street', 'Star_Trek__Deep_Space_Nine', 'Star_Trek__The_Original_Series', 'Stargate_SG-1', 'Still_Game', 'Television', 'The_Quatermass_Experiment', 'The_Simpsons', 'The_West_Wing_%28TV_series%29', 'The_X-Files', 'Top_of_the_Pops', 'Weakest_Link', 'Yes_Minister']"
21,subject.Everyday_life.Games,"['Backgammon', 'Badugi', 'Blackjack', 'Blokus', 'Board_game', 'Card_game', 'Chess', 'Dice', 'Draughts', 'Game', 'Go_%28board_game%29', 'Jump_rope', 'Lego', 'Magic__The_Gathering', 'Mahjong', 'Mancala', 'Monopoly_%28game%29', 'Playing_card', 'Pok%C3%A9mon_Trading_Card_Game', 'Rubik%27s_Cube', 'Ultimatum_game']"
19,subject.Science.Biology.Organisms,"['Bacteria', 'Barnacle', 'Box_jellyfish', 'Carcinus_maenas', 'Crustacean', 'Eukaryote', 'Fungus', 'Fusarium', 'Helicobacter_pylori', 'Henipavirus', 'Invertebrate', 'Nematode', 'Pinworm', 'Tamarind', 'Tree_frog', 'Whipworm', 'Wood', 'Worm', 'Yeast']"
11,subject.Citizenship.Community_organisations,"['Baden-Powell_House', 'Boy_Scout', 'Cooperative', 'Eagle_Scout_%28Boy_Scouts_of_America%29', 'History_of_merit_badges_%28Boy_Scouts_of_America%29', 'Knights_of_Columbus', 'Robert_Baden-Powell%2C_1st_Baron_Baden-Powell', 'Scouting', 'Society', 'Trade_union', 'World_Health_Organization']"
17,subject.Music.Musical_Instruments,"['Bassoon', 'Brass_instrument', 'Cello', 'Clarinet', 'Double_bass', 'Flute', 'Guitar', 'Guqin', 'Musical_instrument', 'Piano', 'Recorder', 'Saxophone', 'Suikinkutsu', 'Synthesizer', 'Tin_whistle', 'Trumpet', 'Ukulele']"
20,subject.Everyday_life.Cartoons,"['Batman', 'Calvin_and_Hobbes', 'Captain_Marvel_%28DC_Comics%29', 'Comics', 'Donald_Duck', 'Felix_the_Cat', 'Homestar_Runner', 'Krazy_Kat', 'Looney_Tunes', 'Newshounds', 'Scooby-Doo', 'Scrooge_McDuck', 'Superman', 'The_Adventures_of_Tintin', 'The_Beano', 'The_Dandy', 'The_Simpsons', 'Tom_and_Jerry_%28MGM%29', 'Walt_Disney', 'Watchmen']"
18,subject.History.British_History.British_History_Post_1900,"['Battle_of_Britain', 'Bodyline', 'Catherine_Cranston', 'Edward_VIII_of_the_United_Kingdom', 'Edward_VII_of_the_United_Kingdom', 'Elizabeth_II_of_the_United_Kingdom', 'Francis_Crick', 'George_VI_of_the_United_Kingdom', 'George_V_of_the_United_Kingdom', 'Henry_Wood_%28conductor%29', 'J._J._Thomson', 'Khudai_Khidmatgar', 'List_of_members_of_the_Commonwealth_of_Nations_by_date_joined', 'Supermarine_Spitfire', 'The_Blitz', 'Treaty_of_Versailles', 'Winston_Churchill', 'World_War_II']"
9,subject.People.Computing_People,"['Bill_Gates', 'Charles_Babbage', 'Dennis_Ritchie', 'Donald_Knuth', 'Jimmy_Wales', 'Linus_Torvalds', 'Richard_Stallman', 'Tim_Berners-Lee', 'Ward_Cunningham']"
20,subject.Science.Physics.Electricity_and_Electronics,"['Bluetooth', 'Capacitance', 'Coulomb%27s_law', 'Electric_charge', 'Electric_field', 'Electrical_resistance', 'Electricity', 'Electromagnetic_radiation', 'Electron', 'Gauss%27s_law', 'Inductance', 'Integrated_circuit', 'Magnet', 'Magnetism', 'Maxwell%27s_equations', 'Ohm', 'Semiconductor', 'Semiconductor_device', 'Superconductivity', 'Volt']"
14,subject.History.British_History,"['British_Empire', 'British_Isles_%28terminology%29', 'Crown_Jewels_of_the_United_Kingdom', 'English_monarchs_family_tree', 'Gallery_of_the_Kings_and_Queens_of_England', 'Great_Britain', 'History', 'History_of_science', 'History_of_slavery', 'History_of_the_world', 'List_of_Prime_Ministers_of_the_United_Kingdom', 'Royal_Geographical_Society', 'Society_of_Merchant_Venturers', 'Welsh_law']"
6,subject.IT.Cryptography,"['Brute_force_attack', 'Caesar_cipher', 'Cryptography', 'Data_Encryption_Standard', 'Enigma_machine', 'ROT13']"
19,subject.Citizenship.Law,"['Canadian_Charter_of_Rights_and_Freedoms', 'Constitution_of_May_3%2C_1791', 'Consumer_protection', 'Convention_on_the_International_Trade_in_Endangered_Species_of_Wild_Flora_and_Fauna', 'Creative_Commons', 'Crime', 'Equal_Protection_Clause', 'Federal_Bureau_of_Investigation', 'Human_rights', 'International_Court_of_Justice', 'International_law', 'Interpol', 'Law', 'Laws_in_Wales_Acts_1535%E2%80%931542', 'Police', 'Separation_of_powers_under_the_United_States_Constitution', 'Supreme_Court_of_the_United_States', 'United_States_Bill_of_Rights', 'United_States_Constitution']"
22,subject.History.North_American_History,"['Civil_War_token', 'Fourteenth_Amendment_to_the_United_States_Constitution', 'France_in_the_American_Revolutionary_War', 'Gettysburg_Address', 'Hamilton-Burr_duel', 'History_of_Alaska', 'History_of_Arizona', 'History_of_Louisville%2C_Kentucky', 'History_of_Miami%2C_Florida', 'History_of_New_Jersey', 'History_of_Northwest_Territories_capital_cities', 'History_of_Puerto_Rico', 'History_of_South_Carolina', 'History_of_the_Grand_Canyon_area', 'Iron_Mike', 'Ku_Klux_Klan', 'Manifest_Destiny', 'Mormon_Trail', 'Pontiac%27s_Rebellion', 'Population_history_of_American_indigenous_peoples', 'United_States_Declaration_of_Independence', 'Ursuline_Convent_Riots']"
16,subject.Citizenship.Culture_and_Diversity,"['Civilization', 'Community', 'Cultural_diversity', 'Cultural_identity', 'Dada', 'Ethnic_group', 'Gender', 'Multiculturalism', 'Nationalism', 'Nationality', 'Popular_culture', 'Popular_culture_studies', 'Poverty', 'Race', 'Sociocultural_evolution', 'Tribe']"
17,subject.Citizenship.Education,"['Cornell_University', 'Education', 'Educational_psychology', 'History_of_education', 'Humanities', 'Indian_Institutes_of_Technology', 'Library', 'List_of_universities_in_the_United_Kingdom', 'Literacy', 'Pedagogy', 'Princeton_University', 'Royal_Grammar_School_Worcester', 'Scotch_College%2C_Perth', 'Trinity_College%2C_Cambridge', 'University', 'University_of_Bristol', 'University_of_Cambridge']"
11,subject.Science.Biology.Evolution_and_reproduction,"['Creation-evolution_controversy', 'Evolution', 'Menstrual_cycle', 'Mitochondrial_Eve', 'Natural_selection', 'Pollinator', 'Punctuated_equilibrium', 'Scientific_classification', 'Stephen_Jay_Gould', 'The_Mismeasure_of_Man', 'The_Origin_of_Species']"
10,subject.Science.Chemistry.Materials_science,"['Crystal', 'Crystallographic_defects_in_diamond', 'Diamond_cut', 'Diamond_simulant', 'Glass', 'Ivory', 'Liquid_crystal', 'Metallurgy', 'Pigment', 'Steel']"
13,subject.Science.Physics.The_Planets,"['Definition_of_planet', 'Earth', 'Jupiter', 'Mars', 'Mercury_%28planet%29', 'Neptune', 'Planet', 'Planetary_habitability', 'Pluto', 'Saturn', 'Timeline_of_discovery_of_solar_system_planets_and_their_natural_satellites', 'Uranus', 'Venus']"
2,subject.Art.Artists,"['Magdalena_Abakanowicz', 'Niccol%C3%B2_dell%27Abbate']"
